voucher_number,voucher_date,branch_code,supplier,status,amount
P000001,2025-05-31,ACCOUNTS,ELANAD MILK PRIVATE LIMITES 7593883322S,FINAL,7111.02
P000001,2025-06-05,CGN,KREEM FOODS (P) LTD,FINAL,0.00
P000002,2025-06-05,CGN,KREEM FOODS (P) LTD,FINAL,0.00
P000003,2025-06-06,CGN,VALIYAVEEDANS-AGENCIES,FINAL,0.00
P000004,2025-06-06,CGN,VALIYAVEEDANS-AGENCIES,FINAL,0.00
P000005,2025-06-06,CGN,VALIYAVEEDANS-AGENCIES,FINAL,0.00
P000007,2025-06-07,CGN,MIKKU--DISTRIBUTIONS,FINAL,0.00
P000008,2025-06-07,CGN,TRAVANCORE-MARKETING-SYNDICATE,FINAL,0.00
P000009,2025-06-07,CGN,KREEM FOODS (P) LTD,FINAL,0.00
P000010,2025-06-07,CGN,VALIYAVEEDANS-AGENCIES,FINAL,0.00
P000011,2025-06-07,CGN,SACHINA-AGENCIES,FINAL,0.00
P000012,2025-06-07,CGN,JP-TRADING-COMPANY,FINAL,0.00
P000013,2025-06-09,CGN,PUNARTHAM AGENIES 9995692927,FINAL,0.00
P000014,2025-06-09,CGN,MOOLAYIL TRADE LINKS,FINAL,0.00
P000015,2025-06-10,CGN,V VENTURES 9074682810,FINAL,0.00
P000016,2025-06-10,CGN,V VENTURES 9074682810,FINAL,0.00
P000017,2025-06-10,CGN,CHITRA-AGENCIES,FINAL,0.00
P000018,2025-06-10,CGN,CHITRA-AGENCIES,FINAL,0.00
P000019,2025-06-10,CGN,VALIYAVEEDANS-AGENCIES,FINAL,0.00
P000020,2025-06-11,CGN,RAMD-ENTERPRISES,FINAL,0.00
P000021,2025-06-11,CGN,REEMS SODA PRODUCTS 9947520504,FINAL,0.00
P000022,2025-06-11,CGN,SNEHA-ENTERPRISES,FINAL,0.00
P000023,2025-06-11,CGN,SNEHA-ENTERPRISES,FINAL,0.00
P000024,2025-06-11,CGN,COMMERCIAL-COMBINES,FINAL,0.00
P000025,2025-06-11,CGN,VALIYAVEEDANS-AGENCIES,FINAL,0.00
P000026,2025-06-12,CGN,A.K.M ENTERPRISES 9249773639,FINAL,0.00
P000027,2025-06-12,CGN,SREE-SIVA-AGENCIES,FINAL,0.00
P000003,2025-06-13,ACCOUNTS,SALIM FRUITS 9895683835,FINAL,314.00
P000004,2025-06-13,ACCOUNTS,MURALYA-DAIRY,FINAL,488.00
P000005,2025-06-13,ACCOUNTS,GREEN-LAND-VEGETABLES,FINAL,750.00
P000006,2025-06-13,ACCOUNTS,GREEN-LAND-VEGETABLES,FINAL,600.00
P000007,2025-06-13,ACCOUNTS,SALIM FRUITS 9895683835,FINAL,523.45
P000008,2025-06-13,ACCOUNTS,SALIM FRUITS 9895683835,FINAL,1695.00
P000010,2025-06-13,ACCOUNTS,MURALYA-DAIRY,FINAL,823.00
P000011,2025-06-13,ACCOUNTS,SALIM FRUITS 9895683835,FINAL,418.00
P000012,2025-06-13,ACCOUNTS,SALIM FRUITS 9895683835,FINAL,1177.00
P000013,2025-06-13,ACCOUNTS,SALIM FRUITS 9895683835,FINAL,745.00
P000014,2025-06-13,ACCOUNTS,MURALYA-DAIRY,FINAL,630.00
P000015,2025-06-13,ACCOUNTS,SALIM FRUITS 9895683835,FINAL,515.00
P000016,2025-06-13,ACCOUNTS,MURALYA-DAIRY,FINAL,314.90
P000017,2025-06-13,ACCOUNTS,SALIM FRUITS 9895683835,FINAL,1601.00
P000018,2025-06-13,ACCOUNTS,SALIM FRUITS 9895683835,FINAL,2205.00
P000019,2025-06-13,ACCOUNTS,JOHNY-BEEF-MERCHANT,FINAL,2120.00
P000020,2025-06-13,ACCOUNTS,MURALYA-DAIRY,FINAL,1747.30
P000021,2025-06-13,ACCOUNTS,A.ABDUL-SALAM,FINAL,2156.00
P000022,2025-06-13,ACCOUNTS,M.H TRADERS 9895683835,FINAL,26378.00
P000023,2025-06-13,ACCOUNTS,K.ABDUL-MAJEED---KULAKADA,FINAL,872.00
P000024,2025-06-13,ACCOUNTS,GREEN-LAND-VEGETABLES,FINAL,9958.00
P000025,2025-06-13,ACCOUNTS,ELANAD MILK PRIVATE LIMITES 7593883322S,FINAL,7755.10
P000026,2025-06-13,ACCOUNTS,ELANAD MILK PRIVATE LIMITES 7593883322S,FINAL,8968.06
P000027,2025-06-13,ACCOUNTS,GLORY-PACKAGE,FINAL,54821.74
P000028,2025-06-13,ACCOUNTS,A.S.K-ENTERPRISES,FINAL,13439.80
P000029,2025-06-13,ACCOUNTS,USHAS-ENTERPRISES,FINAL,17088.30
P000028,2025-06-14,CGN,VARIETY FASHION 9995304220,FINAL,11467.20
P000030,2025-06-14,ACCOUNTS,FRESH-FOOD,FINAL,7650.00
P000031,2025-06-14,ACCOUNTS,SALIM FRUITS 9895683835,FINAL,180.00
P000032,2025-06-14,ACCOUNTS,MURALYA-DAIRY,FINAL,488.00
P000033,2025-06-14,ACCOUNTS,SALIM FRUITS 9895683835,FINAL,361.00
P000034,2025-06-14,ACCOUNTS,MURALYA-DAIRY,FINAL,152.00
P000035,2025-06-14,ACCOUNTS,SALIM FRUITS 9895683835,FINAL,796.00
P000036,2025-06-14,ACCOUNTS,SALIM FRUITS 9895683835,FINAL,1374.00
P000037,2025-06-14,ACCOUNTS,MURALYA-DAIRY,FINAL,823.00
P000038,2025-06-14,ACCOUNTS,SALIM FRUITS 9895683835,FINAL,754.00
P000039,2025-06-14,ACCOUNTS,SALIM FRUITS 9895683835,FINAL,915.00
P000029,2025-06-14,CGN,KREEM FOODS (P) LTD,FINAL,2059.16
P000030,2025-06-14,CGN,KREEM FOODS (P) LTD,FINAL,4525.20
P000040,2025-06-14,ACCOUNTS,MURALYA-DAIRY,FINAL,375.20
P000031,2025-06-14,CGN,KREEM FOODS (P) LTD,FINAL,3902.44
P000041,2025-06-14,ACCOUNTS,SALIM FRUITS 9895683835,FINAL,320.00
P000042,2025-06-14,ACCOUNTS,MURALYA-DAIRY,FINAL,254.00
P000043,2025-06-14,ACCOUNTS,SALIM FRUITS 9895683835,FINAL,1175.00
P000044,2025-06-14,ACCOUNTS,JOHNY-BEEF-MERCHANT,FINAL,3600.00
P000032,2025-06-14,CGN,NOUVEAU TRADERS 9895805056,FINAL,2736.00
P000045,2025-06-14,ACCOUNTS,MURALYA-DAIRY,FINAL,2376.80
P000033,2025-06-14,CGN,KREEM FOODS (P) LTD,FINAL,9694.73
P000046,2025-06-14,ACCOUNTS,M.H TRADERS 9895683835,FINAL,22499.00
P000047,2025-06-14,ACCOUNTS,GREEN-LAND-VEGETABLES,FINAL,7683.99
P000048,2025-06-14,ACCOUNTS,K.ABDUL-MAJEED---KULAKADA,FINAL,2497.00
P000034,2025-06-14,CGN,SACHINA-AGENCIES,FINAL,12043.06
P000035,2025-06-14,CGN,PUNARTHAM AGENIES 9995692927,FINAL,20859.28
P000049,2025-06-14,ACCOUNTS,KRISHNA COCONUT DEALER 9447989851,FINAL,7000.00
P000050,2025-06-14,ACCOUNTS,ELANAD MILK PRIVATE LIMITES 7593883322S,FINAL,7613.19
P000036,2025-06-18,CGN,RAHIM-ENTERPRISES,FINAL,23606.35
P000037,2025-06-18,CGN,RAHIM-ENTERPRISES,FINAL,19004.59
P000038,2025-06-18,CGN,COMMERCIAL-COMBINES,FINAL,37742.37
P000039,2025-06-18,CGN,SNEHA-ENTERPRISES,FINAL,35245.18
P000040,2025-06-20,CGN,USHAS-ENTERPRISES,FINAL,10787.14
P000041,2025-06-20,CGN,V VENTURES 9074682810,FINAL,23292.00
P000042,2025-06-20,CGN,V VENTURES 9074682810,FINAL,21576.00
P000044,2025-06-20,CGN,VOLUME-SALES,FINAL,34192.16
P000045,2025-06-20,CGN,MIKKU--DISTRIBUTIONS,FINAL,8324.80
P000046,2025-06-20,CGN,NUT RICH ENTERPRISES 7356328615,FINAL,49560.00
P000047,2025-06-20,CGN,VALIYAVEEDANS-AGENCIES,FINAL,12008.58
P000051,2025-06-21,ACCOUNTS,SALIM FRUITS 9895683835,FINAL,506.00
P000052,2025-06-21,ACCOUNTS,SALIM FRUITS 9895683835,FINAL,348.00
P000053,2025-06-21,ACCOUNTS,SALIM FRUITS 9895683835,FINAL,586.00
P000054,2025-06-21,ACCOUNTS,SALIM FRUITS 9895683835,FINAL,730.00
P000055,2025-06-21,ACCOUNTS,GREEN-LAND-VEGETABLES,FINAL,640.00
P000056,2025-06-21,ACCOUNTS,MURALYA-DAIRY,FINAL,823.00
P000057,2025-06-21,ACCOUNTS,SALIM FRUITS 9895683835,FINAL,220.00
P000058,2025-06-21,ACCOUNTS,SALIM FRUITS 9895683835,FINAL,310.00
P000059,2025-06-21,ACCOUNTS,SALIM FRUITS 9895683835,FINAL,1360.00
P000060,2025-06-21,ACCOUNTS,SALIM FRUITS 9895683835,FINAL,378.00
P000061,2025-06-21,ACCOUNTS,MURALYA-DAIRY,FINAL,314.89
P000062,2025-06-21,ACCOUNTS,SALIM FRUITS 9895683835,FINAL,700.00
P000063,2025-06-21,ACCOUNTS,JOHNY-BEEF-MERCHANT,FINAL,2120.00
P000064,2025-06-21,ACCOUNTS,MURALYA-DAIRY,FINAL,2072.33
P000065,2025-06-21,ACCOUNTS,K.ABDUL-MAJEED---KULAKADA,FINAL,6358.00
P000066,2025-06-21,ACCOUNTS,M.H TRADERS 9895683835,FINAL,21837.00
P000067,2025-06-21,ACCOUNTS,GREEN-LAND-VEGETABLES,FINAL,11523.00
P000069,2025-06-21,ACCOUNTS,ELANAD MILK PRIVATE LIMITES 7593883322S,FINAL,78000.00
P000071,2025-06-21,ACCOUNTS,ELANAD MILK PRIVATE LIMITES 7593883322S,FINAL,6426.57
P000072,2025-06-21,ACCOUNTS,MURALYA-DAIRY,FINAL,487.67
P000073,2025-06-21,ACCOUNTS,SALIM FRUITS 9895683835,FINAL,390.27
P000074,2025-06-21,ACCOUNTS,MURALYA-DAIRY,FINAL,152.00
P000075,2025-06-21,ACCOUNTS,SALIM FRUITS 9895683835,FINAL,1427.00
P000076,2025-06-21,ACCOUNTS,MURALYA-DAIRY,FINAL,822.00
P000077,2025-06-21,ACCOUNTS,SALIM FRUITS 9895683835,FINAL,345.00
P000078,2025-06-21,ACCOUNTS,SALIM FRUITS 9895683835,FINAL,1330.97
P000079,2025-06-21,ACCOUNTS,MURALYA-DAIRY,FINAL,253.33
P000080,2025-06-21,ACCOUNTS,SALIM FRUITS 9895683835,FINAL,945.00
P000081,2025-06-21,ACCOUNTS,JOHNY-BEEF-MERCHANT,FINAL,2473.33
P000082,2025-06-21,ACCOUNTS,MURALYA-DAIRY,FINAL,1659.00
P000083,2025-06-21,ACCOUNTS,GREEN-LAND-VEGETABLES,FINAL,4548.99
P000084,2025-06-21,ACCOUNTS,M.H.-EGG-MERCHANT,FINAL,23390.00
P000085,2025-06-21,ACCOUNTS,K.ABDUL-MAJEED---KULAKADA,FINAL,10380.00
P000086,2025-06-21,ACCOUNTS,GREEN-LAND-VEGETABLES,FINAL,10387.00
P000087,2025-06-21,ACCOUNTS,A.ABDUL-SALAM,FINAL,11055.00
P000088,2025-06-21,ACCOUNTS,ELANAD MILK PRIVATE LIMITES 7593883322S,FINAL,7740.62
P000089,2025-06-21,ACCOUNTS,SALIM FRUITS 9895683835,FINAL,416.00
P000090,2025-06-21,ACCOUNTS,GREEN-LAND-VEGETABLES,FINAL,667.00
P000091,2025-06-21,ACCOUNTS,SALIM FRUITS 9895683835,FINAL,1023.00
P000092,2025-06-21,ACCOUNTS,SALIM FRUITS 9895683835,FINAL,1260.00
P000093,2025-06-21,ACCOUNTS,SALIM FRUITS 9895683835,FINAL,522.00
P000094,2025-06-21,ACCOUNTS,SALIM FRUITS 9895683835,FINAL,470.00
P000095,2025-06-21,ACCOUNTS,SALIM FRUITS 9895683835,FINAL,468.25
P000048,2025-06-21,CGN,VALIYAVEEDANS-AGENCIES,FINAL,23809.09
P000096,2025-06-21,ACCOUNTS,MURALYA-DAIRY,FINAL,253.33
P000097,2025-06-21,ACCOUNTS,MURALYA-DAIRY,FINAL,314.33
P000098,2025-06-21,ACCOUNTS,SALIM FRUITS 9895683835,FINAL,1275.00
P000099,2025-06-21,ACCOUNTS,JOHNY-BEEF-MERCHANT,FINAL,1800.00
P000100,2025-06-21,ACCOUNTS,MURALYA-DAIRY,FINAL,2500.66
P000049,2025-06-21,CGN,KREEM FOODS (P) LTD,FINAL,6630.00
P000101,2025-06-21,ACCOUNTS,UNNI-KAPPA-DEALER,FINAL,5199.99
P000050,2025-06-21,CGN,KREEM FOODS (P) LTD,FINAL,3090.00
P000102,2025-06-21,ACCOUNTS,M.H TRADERS 9895683835,FINAL,22536.00
P000103,2025-06-21,ACCOUNTS,S S HALAL CHICKEN CENTRE 9495568969,FINAL,89008.00
P000051,2025-06-21,CGN,ZAM-ZAM-TRADE-LINK,FINAL,6606.00
P000104,2025-06-23,ACCOUNTS,MURALYA-DAIRY,FINAL,487.00
P000105,2025-06-23,ACCOUNTS,MURALYA-DAIRY,FINAL,152.00
P000106,2025-06-23,ACCOUNTS,MURALYA-DAIRY,FINAL,1189.00
P000107,2025-06-23,ACCOUNTS,SALIM FRUITS 9895683835,FINAL,404.00
P000108,2025-06-23,ACCOUNTS,SALIM FRUITS 9895683835,FINAL,425.00
P000109,2025-06-23,ACCOUNTS,SALIM FRUITS 9895683835,FINAL,744.00
P000052,2025-06-23,CGN,A.K.M ENTERPRISES 9249773639,FINAL,18443.50
P000110,2025-06-23,ACCOUNTS,SALIM FRUITS 9895683835,FINAL,451.65
P000113,2025-06-23,ACCOUNTS,SALIM FRUITS 9895683835,FINAL,1300.00
P000114,2025-06-23,ACCOUNTS,JOHNY-BEEF-MERCHANT,FINAL,2880.00
P000115,2025-06-23,ACCOUNTS,MURALYA-DAIRY,FINAL,2372.06
P000116,2025-06-23,ACCOUNTS,M.H.-EGG-MERCHANT,FINAL,26232.50
P000117,2025-06-23,ACCOUNTS,K.ABDUL-MAJEED---KULAKADA,FINAL,1359.00
P000118,2025-06-23,ACCOUNTS,GREEN-LAND-VEGETABLES,FINAL,9727.99
P000119,2025-06-23,ACCOUNTS,KRISHNA COCONUT DEALER 9447989851,FINAL,10500.00
P000120,2025-06-23,ACCOUNTS,K.ABDUL-MAJEED---KULAKADA,FINAL,2040.00
P000121,2025-06-23,ACCOUNTS,ELANAD MILK PRIVATE LIMITES 7593883322S,FINAL,6859.00
P000122,2025-06-23,ACCOUNTS,ELANAD MILK PRIVATE LIMITES 7593883322S,FINAL,6961.10
P000123,2025-06-23,ACCOUNTS,SALIM FRUITS 9895683835,FINAL,516.00
P000124,2025-06-23,ACCOUNTS,NALLA-FOODS,FINAL,31752.00
P000125,2025-06-23,ACCOUNTS,VALIYAVEEDANS-AGENCIES,FINAL,34788.79
P000126,2025-06-23,ACCOUNTS,PAPERLOOM INDUSTRIES 9746914235,FINAL,5746.01
P000127,2025-06-23,ACCOUNTS,ELANAD MILK PRIVATE LIMITES 7593883322S,FINAL,7666.08
P000053,2025-06-24,CGN,CHITRA-AGENCIES,FINAL,26922.83
P000128,2025-06-25,ACCOUNTS,SALIM FRUITS 9895683835,FINAL,1522.00
P000129,2025-06-25,ACCOUNTS,MURALYA-DAIRY,FINAL,823.00
P000130,2025-06-25,ACCOUNTS,SALIM FRUITS 9895683835,FINAL,342.00
P000131,2025-06-25,ACCOUNTS,SALIM FRUITS 9895683835,FINAL,505.00
P000132,2025-06-25,ACCOUNTS,SALIM FRUITS 9895683835,FINAL,576.00
P000133,2025-06-25,ACCOUNTS,MURALYA-DAIRY,FINAL,376.00
P000134,2025-06-25,ACCOUNTS,SALIM FRUITS 9895683835,FINAL,365.00
P000135,2025-06-25,ACCOUNTS,SALIM FRUITS 9895683835,FINAL,465.00
P000136,2025-06-25,ACCOUNTS,MURALYA-DAIRY,FINAL,507.60
P000137,2025-06-25,ACCOUNTS,SALIM FRUITS 9895683835,FINAL,1040.00
P000138,2025-06-25,ACCOUNTS,MURALYA-DAIRY,FINAL,2006.90
P000139,2025-06-25,ACCOUNTS,M.H TRADERS 9895683835,FINAL,22312.50
P000140,2025-06-25,ACCOUNTS,K.ABDUL-MAJEED---KULAKADA,FINAL,968.00
P000141,2025-06-25,ACCOUNTS,GREEN-LAND-VEGETABLES,FINAL,6131.00
P000142,2025-06-25,ACCOUNTS,A.ABDUL-SALAM,FINAL,3441.00
P000143,2025-06-25,ACCOUNTS,S S HALAL CHICKEN CENTRE 9495568969,FINAL,82000.00
P000144,2025-06-25,ACCOUNTS,SALIM FRUITS 9895683835,FINAL,382.00
P000145,2025-06-25,ACCOUNTS,MURALYA-DAIRY,FINAL,488.00
P000146,2025-06-25,ACCOUNTS,SALIM FRUITS 9895683835,FINAL,791.00
P000147,2025-06-25,ACCOUNTS,GREEN-LAND-VEGETABLES,FINAL,939.00
P000148,2025-06-25,ACCOUNTS,SALIM FRUITS 9895683835,FINAL,1467.00
P000149,2025-06-25,ACCOUNTS,MURALYA-DAIRY,FINAL,823.00
P000150,2025-06-25,ACCOUNTS,SALIM FRUITS 9895683835,FINAL,352.00
P000151,2025-06-25,ACCOUNTS,SALIM FRUITS 9895683835,FINAL,939.00
P000152,2025-06-25,ACCOUNTS,SALIM FRUITS 9895683835,FINAL,689.00
P000153,2025-06-25,ACCOUNTS,MURALYA-DAIRY,FINAL,253.89
P000154,2025-06-25,ACCOUNTS,SALIM FRUITS 9895683835,FINAL,795.00
P000155,2025-06-25,ACCOUNTS,MURALYA-DAIRY,FINAL,314.89
P000054,2025-06-25,CGN,RAHIM-ENTERPRISES,FINAL,17635.54
P000156,2025-06-25,ACCOUNTS,SALIM FRUITS 9895683835,FINAL,1895.00
P000158,2025-06-25,ACCOUNTS,MURALYA-DAIRY,FINAL,1732.06
P000159,2025-06-25,ACCOUNTS,JOHNY-BEEF-MERCHANT,FINAL,3240.00
P000160,2025-06-25,ACCOUNTS,BSP-PAPER-PRODUCTS,FINAL,11000.00
P000161,2025-06-25,ACCOUNTS,CALCUTTA TRADING CO 9447068888,FINAL,12800.00
P000055,2025-06-25,CGN,RAHIM-ENTERPRISES,FINAL,19127.19
P000162,2025-06-25,ACCOUNTS,E-P-JOSEPH--COMPANY,FINAL,51520.00
P000163,2025-06-25,ACCOUNTS,FORTUNE-COMMERCIAL-CO,FINAL,108099.90
P000164,2025-06-25,ACCOUNTS,COCHIN-BAKERS-AND-SPICES,FINAL,24395.40
P000165,2025-06-25,ACCOUNTS,HOTELIERS-CHOICE,FINAL,8765.88
P000166,2025-06-25,ACCOUNTS,NANDHUS-BHARAT-GAS,FINAL,53072.00
P000167,2025-06-25,ACCOUNTS,COCHIN-BAKERS-AND-SPICES,FINAL,39016.96
P000168,2025-06-25,ACCOUNTS,URBAN-STANISLAUS-AND-COMPANY,FINAL,56175.00
P000169,2025-06-25,ACCOUNTS,SKM EGG PRODUCTS EXPORT(INDIA) LIMITED 4242351532,FINAL,20790.00
P000056,2025-06-25,CGN,SNEHA-ENTERPRISES,FINAL,20928.85
P000171,2025-06-25,ACCOUNTS,COCHIN-BAKERS-AND-SPICES,FINAL,17666.59
P000057,2025-06-25,CGN,COMMERCIAL-COMBINES,FINAL,18024.45
P000172,2025-06-25,ACCOUNTS,TRINITY PLAS TECH 2021-2022,FINAL,22095.50
P000058,2025-06-25,CGN,COMMERCIAL-COMBINES,FINAL,24727.60
P000173,2025-06-25,ACCOUNTS,POPULAR INDUSTRIES 2351673000,FINAL,45450.00
P000175,2025-06-25,ACCOUNTS,ZAM-ZAM-TRADE-LINK,FINAL,9035.00
P000059,2025-06-25,CGN,VALIYAVEEDANS-AGENCIES,FINAL,14833.76
P000060,2025-06-25,CGN,VALIYAVEEDANS-AGENCIES,FINAL,16596.90
P000176,2025-06-25,ACCOUNTS,SUPER-TRADERS,FINAL,4903.81
P000177,2025-06-25,ACCOUNTS,VALAVI-AGENCIES,FINAL,15630.80
P000178,2025-06-25,ACCOUNTS,USHAS-ENTERPRISES,FINAL,25632.50
P000179,2025-06-25,ACCOUNTS,VINOD--CO,FINAL,6300.00
P000180,2025-06-25,ACCOUNTS,VINOD--CO,FINAL,6300.00
P000181,2025-06-25,ACCOUNTS,ZAM-ZAM-TRADE-LINK,FINAL,21763.00
P000182,2025-06-25,ACCOUNTS,SURABHI SUPER STOCKIST 9895683835,FINAL,50250.00
P000061,2025-06-25,CGN,KREEM FOODS (P) LTD,FINAL,10537.57
P000183,2025-06-25,ACCOUNTS,Q BAGS PVT LTD,FINAL,1760.64
P000062,2025-06-25,CGN,KREEM FOODS (P) LTD,FINAL,6180.00
P000185,2025-06-25,ACCOUNTS,P.K.V.-TRADERS,FINAL,8652.99
P000186,2025-06-25,ACCOUNTS,HOTELIERS-CHOICE,FINAL,3469.99
P000187,2025-06-25,ACCOUNTS,HOTELIERS-CHOICE,FINAL,8789.97
P000188,2025-06-25,ACCOUNTS,HOTELIERS-CHOICE,FINAL,26989.00
P000189,2025-06-25,ACCOUNTS,HOTELIERS-CHOICE,FINAL,27045.80
P000190,2025-06-25,ACCOUNTS,NALLA-FOODS,FINAL,31248.00
P000191,2025-06-25,ACCOUNTS,SUNRISE HAIWA 9946315232,FINAL,30900.00
P000192,2025-06-25,ACCOUNTS,SAGAR AGENCIES 9446377469,FINAL,14123.90
P000194,2025-06-26,ACCOUNTS,NKP-TRADES-IMPEX,FINAL,60574.96
P000195,2025-06-26,ACCOUNTS,SIBI-STORE,FINAL,111389.16
P000196,2025-06-26,ACCOUNTS,SUPER-TRADERS,FINAL,94063.96
P000197,2025-06-26,ACCOUNTS,BROTHERS-TRADING-COMPANY,FINAL,6287.00
P000198,2025-06-26,ACCOUNTS,STANES-BAKE-WORLD,FINAL,3765.00
P000199,2025-06-26,ACCOUNTS,Q BAGS PVT LTD,FINAL,4126.46
P000200,2025-06-26,ACCOUNTS,SALIM FRUITS 9895683835,FINAL,609.00
P000201,2025-06-26,ACCOUNTS,SALIM FRUITS 9895683835,FINAL,678.00
P000202,2025-06-26,ACCOUNTS,GREEN-LAND-VEGETABLES,FINAL,720.00
P000203,2025-06-26,ACCOUNTS,SALIM FRUITS 9895683835,FINAL,780.00
P000204,2025-06-26,ACCOUNTS,GREEN-LAND-VEGETABLES,FINAL,620.00
P000205,2025-06-26,ACCOUNTS,SALIM FRUITS 9895683835,FINAL,1194.00
P000206,2025-06-26,ACCOUNTS,MURALYA-DAIRY,FINAL,1038.00
P000207,2025-06-26,ACCOUNTS,SALIM FRUITS 9895683835,FINAL,465.00
P000208,2025-06-26,ACCOUNTS,SALIM FRUITS 9895683835,FINAL,1128.00
P000209,2025-06-26,ACCOUNTS,SALIM FRUITS 9895683835,FINAL,1495.00
P000210,2025-06-26,ACCOUNTS,SALIM FRUITS 9895683835,FINAL,685.00
P000211,2025-06-26,ACCOUNTS,MURALYA-DAIRY,FINAL,376.00
P000213,2025-06-26,ACCOUNTS,MURALYA-DAIRY,FINAL,254.00
P000063,2025-06-26,CGN,KREEM FOODS (P) LTD,FINAL,5246.62
P000214,2025-06-26,ACCOUNTS,SALIM FRUITS 9895683835,FINAL,1975.00
P000215,2025-06-26,ACCOUNTS,MURALYA-DAIRY,FINAL,1876.20
P000216,2025-06-26,ACCOUNTS,JOHNY-BEEF-MERCHANT,FINAL,4320.00
P000064,2025-06-26,CGN,KREEM FOODS (P) LTD,FINAL,675.00
P000217,2025-06-26,ACCOUNTS,M.H TRADERS 9895683835,FINAL,22990.00
P000218,2025-06-26,ACCOUNTS,K.ABDUL-MAJEED---KULAKADA,FINAL,925.00
P000219,2025-06-26,ACCOUNTS,GREEN-LAND-VEGETABLES,FINAL,6157.99
P000220,2025-06-26,ACCOUNTS,A.ABDUL-SALAM,FINAL,2735.01
P000221,2025-06-26,ACCOUNTS,KRISHNA COCONUT DEALER 9447989851,FINAL,14000.00
P000222,2025-06-26,ACCOUNTS,S S HALAL CHICKEN CENTRE 9495568969,FINAL,72000.00
P000223,2025-06-26,ACCOUNTS,ELANAD MILK PRIVATE LIMITES 7593883322S,FINAL,6962.10
P000224,2025-06-26,ACCOUNTS,ELANAD MILK PRIVATE LIMITES 7593883322S,FINAL,8499.58
P000065,2025-06-26,CGN,SREE-SIVA-AGENCIES,FINAL,27337.68
P000066,2025-06-26,CGN,LEKSHMI-AGENCIES,FINAL,8782.91
P000225,2025-06-27,ACCOUNTS,MURALYA-DAIRY,FINAL,305.00
P000226,2025-06-27,ACCOUNTS,SALIM FRUITS 9895683835,FINAL,552.00
P000227,2025-06-27,ACCOUNTS,SALIM FRUITS 9895683835,FINAL,310.00
P000229,2025-06-27,ACCOUNTS,SALIM FRUITS 9895683835,FINAL,682.00
P000230,2025-06-27,ACCOUNTS,MURALYA-DAIRY,FINAL,671.00
P000231,2025-06-27,ACCOUNTS,SALIM FRUITS 9895683835,FINAL,501.00
P000232,2025-06-27,ACCOUNTS,SALIM FRUITS 9895683835,FINAL,737.00
P000233,2025-06-27,ACCOUNTS,SALIM FRUITS 9895683835,FINAL,707.00
P000234,2025-06-27,ACCOUNTS,MURALYA-DAIRY,FINAL,254.00
P000235,2025-06-27,ACCOUNTS,SALIM FRUITS 9895683835,FINAL,440.00
P000236,2025-06-27,ACCOUNTS,MURALYA-DAIRY,FINAL,315.00
P000237,2025-06-27,ACCOUNTS,SALIM FRUITS 9895683835,FINAL,2070.00
P000238,2025-06-27,ACCOUNTS,JOHNY-BEEF-MERCHANT,FINAL,2520.00
P000239,2025-06-27,ACCOUNTS,MURALYA-DAIRY,FINAL,1814.00
P000240,2025-06-27,ACCOUNTS,M.H TRADERS 9895683835,FINAL,25433.00
P000241,2025-06-27,ACCOUNTS,K.ABDUL-MAJEED---KULAKADA,FINAL,16834.00
P000242,2025-06-27,ACCOUNTS,K.ABDUL-MAJEED---KULAKADA,FINAL,660.00
P000243,2025-06-27,ACCOUNTS,GREEN-LAND-VEGETABLES,FINAL,6731.00
P000244,2025-06-27,ACCOUNTS,A.ABDUL-SALAM,FINAL,1925.00
P000245,2025-06-27,ACCOUNTS,ELANAD MILK PRIVATE LIMITES 7593883322S,FINAL,6900.10
P000246,2025-06-27,ACCOUNTS,MURALYA-DAIRY,FINAL,8436.57
P000247,2025-06-28,ACCOUNTS,MURALYA-DAIRY,FINAL,488.00
P000248,2025-06-28,ACCOUNTS,SALIM FRUITS 9895683835,FINAL,752.00
P000249,2025-06-28,ACCOUNTS,SALIM FRUITS 9895683835,FINAL,949.00
P000250,2025-06-28,ACCOUNTS,GREEN-LAND-VEGETABLES,FINAL,545.00
P000251,2025-06-28,ACCOUNTS,SALIM FRUITS 9895683835,FINAL,1769.00
P000252,2025-06-28,ACCOUNTS,MURALYA-DAIRY,FINAL,823.00
P000067,2025-06-28,CGN,REEMS SODA PRODUCTS 9947520504,FINAL,4440.00
P000253,2025-06-28,ACCOUNTS,SALIM FRUITS 9895683835,FINAL,669.00
P000254,2025-06-28,ACCOUNTS,SALIM FRUITS 9895683835,FINAL,594.00
P000255,2025-06-28,ACCOUNTS,SALIM FRUITS 9895683835,FINAL,635.00
P000256,2025-06-28,ACCOUNTS,MURALYA-DAIRY,FINAL,253.00
P000257,2025-06-28,ACCOUNTS,SALIM FRUITS 9895683835,FINAL,205.00
P000258,2025-06-28,ACCOUNTS,SALIM FRUITS 9895683835,FINAL,2489.99
P000259,2025-06-28,ACCOUNTS,JOHNY-BEEF-MERCHANT,FINAL,1440.00
P000260,2025-06-28,ACCOUNTS,MURALYA-DAIRY,FINAL,2372.00
P000261,2025-06-28,ACCOUNTS,GREEN-LAND-VEGETABLES,FINAL,6409.99
P000262,2025-06-28,ACCOUNTS,K.ABDUL-MAJEED---KULAKADA,FINAL,7940.02
P000263,2025-06-28,ACCOUNTS,A.ABDUL-SALAM,FINAL,11152.00
P000264,2025-06-28,ACCOUNTS,S S HALAL CHICKEN CENTRE 9495568969,FINAL,64000.00
P000265,2025-06-28,ACCOUNTS,ELANAD MILK PRIVATE LIMITES 7593883322S,FINAL,7184.57
P000266,2025-06-28,ACCOUNTS,MURALYA-DAIRY,FINAL,488.00
P000267,2025-06-28,ACCOUNTS,SALIM FRUITS 9895683835,FINAL,813.00
P000268,2025-06-28,ACCOUNTS,GREEN-LAND-VEGETABLES,FINAL,536.00
P000269,2025-06-28,ACCOUNTS,SALIM FRUITS 9895683835,FINAL,240.00
P000270,2025-06-28,ACCOUNTS,SALIM FRUITS 9895683835,FINAL,896.00
P000271,2025-06-28,ACCOUNTS,JOHNY-BEEF-MERCHANT,FINAL,1800.00
P000272,2025-06-28,ACCOUNTS,SALIM FRUITS 9895683835,FINAL,2125.99
P000273,2025-06-28,ACCOUNTS,MURALYA-DAIRY,FINAL,1038.00
P000274,2025-06-28,ACCOUNTS,SALIM FRUITS 9895683835,FINAL,730.00
P000275,2025-06-28,ACCOUNTS,SALIM FRUITS 9895683835,FINAL,1805.00
P000276,2025-06-28,ACCOUNTS,SALIM FRUITS 9895683835,FINAL,1552.00
P000277,2025-06-28,ACCOUNTS,SALIM FRUITS 9895683835,FINAL,390.00
P000278,2025-06-28,ACCOUNTS,MURALYA-DAIRY,FINAL,254.00
P000279,2025-06-28,ACCOUNTS,MURALYA-DAIRY,FINAL,254.00
P000280,2025-06-28,ACCOUNTS,SALIM FRUITS 9895683835,FINAL,2078.00
P000281,2025-06-28,ACCOUNTS,MURALYA-DAIRY,FINAL,1749.00
P000282,2025-06-28,ACCOUNTS,GREEN-LAND-VEGETABLES,FINAL,7278.00
P000283,2025-06-28,ACCOUNTS,A.ABDUL-SALAM,FINAL,2955.01
P000068,2025-06-28,CGN,VALIYAVEEDANS-AGENCIES,FINAL,17079.64
P000069,2025-06-28,CGN,VALIYAVEEDANS-AGENCIES,FINAL,23293.38
P000070,2025-06-28,CGN,TRAVANCORE-MARKETING-SYNDICATE,FINAL,6875.00
P000071,2025-06-28,CGN,PUNARTHAM AGENIES 9995692927,FINAL,12669.79
P000072,2025-06-28,CGN,ZAM-ZAM-TRADE-LINK,FINAL,5388.96
P000284,2025-06-28,ACCOUNTS,SALIM FRUITS 9895683835,FINAL,823.00
P000285,2025-06-28,ACCOUNTS,SALIM FRUITS 9895683835,FINAL,648.00
P000286,2025-06-28,ACCOUNTS,SALIM FRUITS 9895683835,FINAL,1312.00
P000287,2025-06-28,ACCOUNTS,MURALYA-DAIRY,FINAL,1190.20
P000288,2025-06-28,ACCOUNTS,SALIM FRUITS 9895683835,FINAL,656.00
P000289,2025-06-28,ACCOUNTS,SALIM FRUITS 9895683835,FINAL,372.00
P000290,2025-06-28,ACCOUNTS,SALIM FRUITS 9895683835,FINAL,264.00
P000291,2025-06-28,ACCOUNTS,MURALYA-DAIRY,FINAL,315.08
P000073,2025-06-28,CGN,SACHINA-AGENCIES,FINAL,14823.48
P000292,2025-06-28,ACCOUNTS,SALIM FRUITS 9895683835,FINAL,1830.00
P000293,2025-06-28,ACCOUNTS,JOHNY-BEEF-MERCHANT,FINAL,2520.00
P000294,2025-06-28,ACCOUNTS,MURALYA-DAIRY,FINAL,2501.00
P000295,2025-06-28,ACCOUNTS,S S HALAL CHICKEN CENTRE 9495568969,FINAL,70000.00
P000296,2025-06-28,ACCOUNTS,A.ABDUL-SALAM,FINAL,3898.01
P000297,2025-06-28,ACCOUNTS,M.H.-EGG-MERCHANT,FINAL,21171.00
P000298,2025-06-28,ACCOUNTS,M.H TRADERS 9895683835,FINAL,22072.00
P000299,2025-06-28,ACCOUNTS,M.H TRADERS 9895683835,FINAL,21067.00
P000300,2025-06-28,ACCOUNTS,GREEN-LAND-VEGETABLES,FINAL,7627.01
P000301,2025-06-28,ACCOUNTS,KRISHNA COCONUT DEALER 9447989851,FINAL,10500.00
P000302,2025-06-28,ACCOUNTS,A.ABDUL-SALAM,FINAL,12060.00
P000303,2025-06-28,ACCOUNTS,SALIM FRUITS 9895683835,FINAL,299.00
P000304,2025-06-28,ACCOUNTS,MURALYA-DAIRY,FINAL,487.00
P000305,2025-06-28,ACCOUNTS,SALIM FRUITS 9895683835,FINAL,773.00
P000306,2025-06-28,ACCOUNTS,SALIM FRUITS 9895683835,FINAL,1184.00
P000307,2025-06-28,ACCOUNTS,SALIM FRUITS 9895683835,FINAL,1759.00
P000308,2025-06-28,ACCOUNTS,MURALYA-DAIRY,FINAL,670.00
P000309,2025-06-28,ACCOUNTS,SALIM FRUITS 9895683835,FINAL,561.00
P000311,2025-06-28,ACCOUNTS,SALIM FRUITS 9895683835,FINAL,561.00
P000312,2025-06-28,ACCOUNTS,SALIM FRUITS 9895683835,FINAL,1918.00
P000313,2025-06-28,ACCOUNTS,SALIM FRUITS 9895683835,FINAL,881.00
P000314,2025-06-28,ACCOUNTS,MURALYA-DAIRY,FINAL,630.00
P000315,2025-06-28,ACCOUNTS,SALIM FRUITS 9895683835,FINAL,855.00
P000316,2025-06-28,ACCOUNTS,SALIM FRUITS 9895683835,FINAL,530.00
P000317,2025-06-28,ACCOUNTS,MURALYA-DAIRY,FINAL,253.00
P000318,2025-06-28,ACCOUNTS,SALIM FRUITS 9895683835,FINAL,2078.00
P000319,2025-06-28,ACCOUNTS,MURALYA-DAIRY,FINAL,2636.50
P000320,2025-06-28,ACCOUNTS,JOHNY-BEEF-MERCHANT,FINAL,4320.00
P000321,2025-06-28,ACCOUNTS,GREEN-LAND-VEGETABLES,FINAL,2630.99
P000322,2025-06-28,ACCOUNTS,M.H.-EGG-MERCHANT,FINAL,21067.00
P000323,2025-06-28,ACCOUNTS,K.ABDUL-MAJEED---KULAKADA,FINAL,1936.00
P000324,2025-06-28,ACCOUNTS,GREEN TRADE LINKS 7736210218,FINAL,10523.00
P000325,2025-06-28,ACCOUNTS,ELANAD MILK PRIVATE LIMITES 7593883322S,FINAL,7967.10
P000326,2025-06-28,ACCOUNTS,ELANAD MILK PRIVATE LIMITES 7593883322S,FINAL,7008.57
P000327,2025-06-28,ACCOUNTS,ELANAD MILK PRIVATE LIMITES 7593883322S,FINAL,8902.10
P000328,2025-06-30,ACCOUNTS,VINOD--CO,FINAL,17100.00
P000329,2025-06-30,ACCOUNTS,VINOD--CO,FINAL,13860.00
P000330,2025-06-30,ACCOUNTS,VINOD--CO,FINAL,23690.00
P000331,2025-06-30,ACCOUNTS,MALLIGHA-ASAFOETIDA-COMPANY,FINAL,5343.45
P000332,2025-06-30,ACCOUNTS,COCHIN-BAKERS-AND-SPICES,FINAL,1700.00
P000333,2025-06-30,ACCOUNTS,NANDHUS-BHARAT-GAS,FINAL,51360.00
P000334,2025-06-30,ACCOUNTS,ENRICH ASSOCIATE 9895683835,FINAL,11550.00
P000335,2025-06-30,ACCOUNTS,FRESH-FOOD,FINAL,3825.00
P000336,2025-06-30,ACCOUNTS,HOTELIERS-CHOICE,FINAL,7999.95
P000337,2025-06-30,ACCOUNTS,HOTELIERS-CHOICE,FINAL,21591.20
P000338,2025-06-30,ACCOUNTS,SIBI-STORE,FINAL,89931.30
P000339,2025-06-30,ACCOUNTS,VALIYAVEEDANS-AGENCIES,FINAL,45597.60
P000340,2025-06-30,ACCOUNTS,NANDHUS-BHARAT-GAS,FINAL,56496.00
P000341,2025-06-30,ACCOUNTS,HOTELIERS-CHOICE,FINAL,8300.00
P000342,2025-06-30,ACCOUNTS,HOTELIERS-CHOICE,FINAL,26989.00
P000343,2025-06-30,ACCOUNTS,HOTELIERS-CHOICE,FINAL,8765.88
P000344,2025-06-30,ACCOUNTS,SURABHI OIL INDUSTRIES 8926555566,FINAL,63454.50
P000345,2025-06-30,ACCOUNTS,COCHIN-BAKERS-AND-SPICES,FINAL,89.99
P000346,2025-06-30,ACCOUNTS,FRESH-FOOD,FINAL,3824.98
P000347,2025-06-30,ACCOUNTS,NALINI-PACK,FINAL,5881.99
P000348,2025-06-30,ACCOUNTS,FORTUNE-COMMERCIAL-CO,FINAL,120500.00
P000349,2025-06-30,ACCOUNTS,NKP-TRADES-IMPEX,FINAL,7400.00
P000350,2025-06-30,ACCOUNTS,NKP-TRADES-IMPEX,FINAL,28002.49
P000351,2025-06-30,ACCOUNTS,P.K.V.-TRADERS,FINAL,9660.00
P000352,2025-06-30,ACCOUNTS,VALAVI-AGENCIES,FINAL,10875.50
P000353,2025-06-30,ACCOUNTS,CALCUTTA TRADING CO 9447068888,FINAL,9540.00
P000354,2025-06-30,ACCOUNTS,E-P-JOSEPH--COMPANY,FINAL,67669.91
P000355,2025-06-30,ACCOUNTS,KUTTIYILS-TRADES--AGENCIES,FINAL,8820.00
P000356,2025-06-30,ACCOUNTS,URBAN-STANISLAUS-AND-COMPANY,FINAL,47670.00
P000357,2025-06-30,ACCOUNTS,COCHIN-BAKERS-AND-SPICES,FINAL,22089.63
P000358,2025-06-30,ACCOUNTS,USHAS-ENTERPRISES,FINAL,33382.55
P000359,2025-06-30,ACCOUNTS,NANDHUS-BHARAT-GAS,FINAL,54784.00
P000360,2025-06-30,ACCOUNTS,SUPER-TRADERS,FINAL,120618.67
P000361,2025-06-30,ACCOUNTS,GLORY-PACKAGE,FINAL,41216.00
P000362,2025-06-30,ACCOUNTS,HOTELIERS-CHOICE,FINAL,22999.90
P000363,2025-06-30,ACCOUNTS,HOTELIERS-CHOICE,FINAL,11405.11
P000364,2025-06-30,ACCOUNTS,SIBI-STORE,FINAL,105954.38
P000365,2025-06-30,ACCOUNTS,VALIYAVEEDANS-AGENCIES,FINAL,33043.61
P000366,2025-07-01,ACCOUNTS,COCHIN-BAKERS-AND-SPICES,FINAL,6596.94
P000367,2025-07-01,ACCOUNTS,MAMVILAYIL-MEDINEEDS,FINAL,7908.25
P000368,2025-07-01,ACCOUNTS,SUNRISE HAIWA 9946315232,FINAL,23550.00
P000369,2025-07-01,ACCOUNTS,SKM EGG PRODUCTS EXPORT(INDIA) LIMITED 4242351532,FINAL,14553.00
P000370,2025-07-01,ACCOUNTS,SIBI-STORE,FINAL,108071.25
P000371,2025-07-01,ACCOUNTS,SUPER-TRADERS,FINAL,4150.00
P000372,2025-07-01,ACCOUNTS,SUPER-TRADERS,FINAL,9413.81
P000373,2025-07-01,ACCOUNTS,ZAM-ZAM-TRADE-LINK,FINAL,17798.00
P000374,2025-07-01,ACCOUNTS,VINOD--CO,FINAL,12705.00
P000375,2025-07-01,ACCOUNTS,VINOD--CO,FINAL,13490.00
P000376,2025-07-01,ACCOUNTS,COCHIN-BAKERS-AND-SPICES,FINAL,14765.20
P000377,2025-07-01,ACCOUNTS,Q BAGS PVT LTD,FINAL,19175.00
P000074,2025-07-01,CGN,JP-TRADING-COMPANY,FINAL,17517.83
P000075,2025-07-01,CGN,CHITRA-AGENCIES,FINAL,18442.11
P000378,2025-07-02,ACCOUNTS,SALIM FRUITS 9895683835,FINAL,520.00
P000379,2025-07-02,ACCOUNTS,MURALYA-DAIRY,FINAL,489.60
P000380,2025-07-02,ACCOUNTS,SALIM FRUITS 9895683835,FINAL,689.83
P000381,2025-07-02,ACCOUNTS,SALIM FRUITS 9895683835,FINAL,1517.98
P000382,2025-07-02,ACCOUNTS,MURALYA-DAIRY,FINAL,1199.40
P000383,2025-07-02,ACCOUNTS,SALIM FRUITS 9895683835,FINAL,705.59
P000384,2025-07-02,ACCOUNTS,SALIM FRUITS 9895683835,FINAL,1006.00
P000385,2025-07-02,ACCOUNTS,SALIM FRUITS 9895683835,FINAL,799.00
P000386,2025-07-02,ACCOUNTS,SALIM FRUITS 9895683835,FINAL,543.00
P000387,2025-07-02,ACCOUNTS,SALIM FRUITS 9895683835,FINAL,689.00
P000388,2025-07-02,ACCOUNTS,MURALYA-DAIRY,FINAL,315.00
P000389,2025-07-02,ACCOUNTS,SALIM FRUITS 9895683835,FINAL,1741.00
P000390,2025-07-02,ACCOUNTS,MURALYA-DAIRY,FINAL,1384.00
P000391,2025-07-02,ACCOUNTS,SALIM FRUITS 9895683835,FINAL,1440.00
P000392,2025-07-02,ACCOUNTS,M.H TRADERS 9895683835,FINAL,18606.00
P000393,2025-07-02,ACCOUNTS,K.ABDUL-MAJEED---KULAKADA,FINAL,900.00
P000394,2025-07-02,ACCOUNTS,GREEN-LAND-VEGETABLES,FINAL,600.00
P000395,2025-07-02,ACCOUNTS,A.ABDUL-SALAM,FINAL,1896.00
P000396,2025-07-02,ACCOUNTS,S S HALAL CHICKEN CENTRE 9495568969,FINAL,55008.00
P000397,2025-07-02,ACCOUNTS,SALIM FRUITS 9895683835,FINAL,750.00
P000398,2025-07-02,ACCOUNTS,SALIM FRUITS 9895683835,FINAL,871.00
P000399,2025-07-02,ACCOUNTS,SALIM FRUITS 9895683835,FINAL,454.00
P000400,2025-07-02,ACCOUNTS,SALIM FRUITS 9895683835,FINAL,1501.00
P000401,2025-07-02,ACCOUNTS,MURALYA-DAIRY,FINAL,855.00
P000402,2025-07-02,ACCOUNTS,SALIM FRUITS 9895683835,FINAL,525.00
P000403,2025-07-02,ACCOUNTS,SALIM FRUITS 9895683835,FINAL,840.00
P000404,2025-07-02,ACCOUNTS,SALIM FRUITS 9895683835,FINAL,635.00
P000405,2025-07-02,ACCOUNTS,MURALYA-DAIRY,FINAL,315.28
P000406,2025-07-02,ACCOUNTS,SALIM FRUITS 9895683835,FINAL,707.00
P000407,2025-07-02,ACCOUNTS,MURALYA-DAIRY,FINAL,254.00
P000408,2025-07-02,ACCOUNTS,MURALYA-DAIRY,FINAL,1448.56
P000409,2025-07-02,ACCOUNTS,JOHNY-BEEF-MERCHANT,FINAL,1440.00
P000410,2025-07-02,ACCOUNTS,M.H TRADERS 9895683835,FINAL,23148.99
P000411,2025-07-02,ACCOUNTS,K.ABDUL-MAJEED---KULAKADA,FINAL,1058.00
P000412,2025-07-02,ACCOUNTS,GREEN-LAND-VEGETABLES,FINAL,5174.00
P000413,2025-07-02,ACCOUNTS,ELANAD MILK PRIVATE LIMITES 7593883322S,FINAL,6949.08
P000414,2025-07-02,ACCOUNTS,ELANAD MILK PRIVATE LIMITES 7593883322S,FINAL,7110.15
P000415,2025-07-02,ACCOUNTS,SAGAR AGENCIES 9446377469,FINAL,14765.30
P000416,2025-07-02,ACCOUNTS,MURALYA-DAIRY,FINAL,488.33
P000417,2025-07-02,ACCOUNTS,SALIM FRUITS 9895683835,FINAL,795.00
P000418,2025-07-02,ACCOUNTS,MURALYA-DAIRY,FINAL,152.00
P000419,2025-07-02,ACCOUNTS,MURALYA-DAIRY,FINAL,1158.00
P000420,2025-07-02,ACCOUNTS,SALIM FRUITS 9895683835,FINAL,400.00
P000421,2025-07-02,ACCOUNTS,SALIM FRUITS 9895683835,FINAL,535.00
P000422,2025-07-02,ACCOUNTS,SALIM FRUITS 9895683835,FINAL,935.00
P000423,2025-07-02,ACCOUNTS,MURALYA-DAIRY,FINAL,437.33
P000424,2025-07-02,ACCOUNTS,SALIM FRUITS 9895683835,FINAL,512.00
P000425,2025-07-02,ACCOUNTS,SALIM FRUITS 9895683835,FINAL,2072.00
P000426,2025-07-02,ACCOUNTS,M.H TRADERS 9895683835,FINAL,26547.00
P000427,2025-07-02,ACCOUNTS,GREEN-LAND-VEGETABLES,FINAL,5294.00
P000428,2025-07-02,ACCOUNTS,K.ABDUL-MAJEED---KULAKADA,FINAL,11389.00
P000429,2025-07-02,ACCOUNTS,A.ABDUL-SALAM,FINAL,2048.00
P000430,2025-07-02,ACCOUNTS,K.ABDUL-MAJEED---KULAKADA,FINAL,10513.00
P000431,2025-07-02,ACCOUNTS,S S HALAL CHICKEN CENTRE 9495568969,FINAL,51008.00
P000432,2025-07-02,ACCOUNTS,ELANAD MILK PRIVATE LIMITES 7593883322S,FINAL,5715.55
P000076,2025-07-02,CGN,VALIYAVEEDANS-AGENCIES,FINAL,26875.05
P000433,2025-07-02,ACCOUNTS,GREEN-LAND-VEGETABLES,FINAL,866.00
P000434,2025-07-02,ACCOUNTS,MURALYA-DAIRY,FINAL,152.00
P000435,2025-07-02,ACCOUNTS,SALIM FRUITS 9895683835,FINAL,962.00
P000436,2025-07-02,ACCOUNTS,SALIM FRUITS 9895683835,FINAL,2154.00
P000437,2025-07-02,ACCOUNTS,MURALYA-DAIRY,FINAL,670.67
P000077,2025-07-02,CGN,SNEHA-ENTERPRISES,FINAL,28191.49
P000438,2025-07-02,ACCOUNTS,MURALYA-DAIRY,FINAL,375.56
P000439,2025-07-02,ACCOUNTS,MURALYA-DAIRY,FINAL,314.44
P000440,2025-07-02,ACCOUNTS,SALIM FRUITS 9895683835,FINAL,1880.00
P000441,2025-07-02,ACCOUNTS,MURALYA-DAIRY,FINAL,2192.22
P000442,2025-07-02,ACCOUNTS,JOHNY-BEEF-MERCHANT,FINAL,1800.00
P000443,2025-07-02,ACCOUNTS,A.ABDUL-SALAM,FINAL,1817.00
P000444,2025-07-02,ACCOUNTS,M.H TRADERS 9895683835,FINAL,23005.50
P000445,2025-07-02,ACCOUNTS,K.ABDUL-MAJEED---KULAKADA,FINAL,874.00
P000446,2025-07-02,ACCOUNTS,GREEN-LAND-VEGETABLES,FINAL,6275.01
P000447,2025-07-02,ACCOUNTS,ELANAD MILK PRIVATE LIMITES 7593883322S,FINAL,8220.55
P000448,2025-07-02,ACCOUNTS,SALIM FRUITS 9895683835,FINAL,684.00
P000449,2025-07-02,ACCOUNTS,SALIM FRUITS 9895683835,FINAL,430.00
P000450,2025-07-02,ACCOUNTS,MURALYA-DAIRY,FINAL,488.00
P000451,2025-07-02,ACCOUNTS,SALIM FRUITS 9895683835,FINAL,670.00
P000452,2025-07-02,ACCOUNTS,SALIM FRUITS 9895683835,FINAL,4041.00
P000453,2025-07-02,ACCOUNTS,SALIM FRUITS 9895683835,FINAL,1188.00
P000454,2025-07-02,ACCOUNTS,MURALYA-DAIRY,FINAL,1160.00
P000455,2025-07-02,ACCOUNTS,SALIM FRUITS 9895683835,FINAL,718.00
P000456,2025-07-02,ACCOUNTS,SALIM FRUITS 9895683835,FINAL,980.00
P000457,2025-07-02,ACCOUNTS,SALIM FRUITS 9895683835,FINAL,516.00
P000458,2025-07-02,ACCOUNTS,MURALYA-DAIRY,FINAL,376.39
P000459,2025-07-02,ACCOUNTS,SALIM FRUITS 9895683835,FINAL,272.00
P000460,2025-07-02,ACCOUNTS,MURALYA-DAIRY,FINAL,315.28
P000461,2025-07-02,ACCOUNTS,SALIM FRUITS 9895683835,FINAL,1809.00
P000462,2025-07-02,ACCOUNTS,MURALYA-DAIRY,FINAL,1618.06
P000463,2025-07-02,ACCOUNTS,JOHNY-BEEF-MERCHANT,FINAL,2520.00
P000464,2025-07-02,ACCOUNTS,M.H TRADERS 9895683835,FINAL,23558.00
P000465,2025-07-02,ACCOUNTS,K.ABDUL-MAJEED---KULAKADA,FINAL,3485.01
P000466,2025-07-02,ACCOUNTS,GREEN-LAND-VEGETABLES,FINAL,5268.01
P000467,2025-07-02,ACCOUNTS,A.ABDUL-SALAM,FINAL,2457.00
P000468,2025-07-02,ACCOUNTS,S S HALAL CHICKEN CENTRE 9495568969,FINAL,56940.00
P000469,2025-07-02,ACCOUNTS,ELANAD MILK PRIVATE LIMITES 7593883322S,FINAL,8061.55
P000470,2025-07-02,ACCOUNTS,SALIM FRUITS 9895683835,FINAL,942.00
P000471,2025-07-02,ACCOUNTS,SALIM FRUITS 9895683835,FINAL,726.64
P000472,2025-07-02,ACCOUNTS,SALIM FRUITS 9895683835,FINAL,2109.00
P000473,2025-07-02,ACCOUNTS,MURALYA-DAIRY,FINAL,1038.00
P000474,2025-07-02,ACCOUNTS,SALIM FRUITS 9895683835,FINAL,1390.00
P000475,2025-07-02,ACCOUNTS,SALIM FRUITS 9895683835,FINAL,425.00
P000476,2025-07-02,ACCOUNTS,SALIM FRUITS 9895683835,FINAL,714.00
P000477,2025-07-02,ACCOUNTS,SALIM FRUITS 9895683835,FINAL,829.00
P000478,2025-07-02,ACCOUNTS,MURALYA-DAIRY,FINAL,315.25
P000479,2025-07-02,ACCOUNTS,SALIM FRUITS 9895683835,FINAL,1713.00
P000480,2025-07-02,ACCOUNTS,MURALYA-DAIRY,FINAL,2507.26
P000481,2025-07-02,ACCOUNTS,JOHNY-BEEF-MERCHANT,FINAL,4680.00
P000482,2025-07-02,ACCOUNTS,M.H TRADERS 9895683835,FINAL,23425.00
P000483,2025-07-02,ACCOUNTS,K.ABDUL-MAJEED---KULAKADA,FINAL,851.00
P000484,2025-07-02,ACCOUNTS,GREEN-LAND-VEGETABLES,FINAL,7436.99
P000485,2025-07-02,ACCOUNTS,KRISHNA COCONUT DEALER 9447989851,FINAL,10650.00
P000486,2025-07-02,ACCOUNTS,KRISHNA COCONUT DEALER 9447989851,FINAL,11250.00
P000487,2025-07-02,ACCOUNTS,ELANAD MILK PRIVATE LIMITES 7593883322S,FINAL,8186.10
P000078,2025-07-03,CGN,A.K.M ENTERPRISES 9249773639,FINAL,16364.50
P000079,2025-07-03,CGN,SREE-SIVA-AGENCIES,FINAL,20518.18
P000488,2025-07-04,ACCOUNTS,PRINT-EXPRESS,FINAL,4012.00
P000489,2025-07-04,ACCOUNTS,NANDHUS-BHARAT-GAS,FINAL,61632.00
P000490,2025-07-04,ACCOUNTS,MAMVILAYIL-MEDINEEDS,FINAL,3465.00
P000491,2025-07-04,ACCOUNTS,SUPER-TRADERS,FINAL,116670.33
P000492,2025-07-04,ACCOUNTS,SIBI-STORE,FINAL,91347.24
P000493,2025-07-04,ACCOUNTS,HOTELIERS-CHOICE,FINAL,10796.00
P000494,2025-07-04,ACCOUNTS,HOTELIERS-CHOICE,FINAL,6173.76
P000495,2025-07-04,ACCOUNTS,HOTELIERS-CHOICE,FINAL,14999.96
P000496,2025-07-04,ACCOUNTS,VALIYAVEEDANS-AGENCIES,FINAL,22731.92
P000497,2025-07-04,ACCOUNTS,SALIM FRUITS 9895683835,FINAL,621.00
P000498,2025-07-04,ACCOUNTS,MURALYA-DAIRY,FINAL,488.00
P000499,2025-07-04,ACCOUNTS,GREEN-LAND-VEGETABLES,FINAL,860.00
P000500,2025-07-04,ACCOUNTS,SALIM FRUITS 9895683835,FINAL,1452.00
P000501,2025-07-04,ACCOUNTS,MURALYA-DAIRY,FINAL,1190.00
P000502,2025-07-04,ACCOUNTS,SALIM FRUITS 9895683835,FINAL,1473.00
P000503,2025-07-04,ACCOUNTS,SALIM FRUITS 9895683835,FINAL,1456.00
P000504,2025-07-04,ACCOUNTS,SALIM FRUITS 9895683835,FINAL,873.00
P000505,2025-07-04,ACCOUNTS,SALIM FRUITS 9895683835,FINAL,1192.00
P000506,2025-07-04,ACCOUNTS,MURALYA-DAIRY,FINAL,629.95
P000507,2025-07-04,ACCOUNTS,SALIM FRUITS 9895683835,FINAL,606.00
P000508,2025-07-04,ACCOUNTS,MURALYA-DAIRY,FINAL,314.08
P000509,2025-07-04,ACCOUNTS,SALIM FRUITS 9895683835,FINAL,2059.00
P000510,2025-07-04,ACCOUNTS,MURALYA-DAIRY,FINAL,2246.67
P000511,2025-07-04,ACCOUNTS,JOHNY-BEEF-MERCHANT,FINAL,1800.00
P000512,2025-07-04,ACCOUNTS,GREEN-LAND-VEGETABLES,FINAL,2751.00
P000513,2025-07-04,ACCOUNTS,M.H TRADERS 9895683835,FINAL,20912.50
P000514,2025-07-04,ACCOUNTS,GREEN-LAND-VEGETABLES,FINAL,7363.02
P000515,2025-07-04,ACCOUNTS,A.ABDUL-SALAM,FINAL,1728.00
P000516,2025-07-04,ACCOUNTS,S S HALAL CHICKEN CENTRE 9495568969,FINAL,59009.10
P000517,2025-07-04,ACCOUNTS,SAGAR AGENCIES 9446377469,FINAL,16452.79
P000518,2025-07-04,ACCOUNTS,MURALYA-DAIRY,FINAL,7563.10
P000519,2025-07-04,ACCOUNTS,SALIM FRUITS 9895683835,FINAL,334.00
P000520,2025-07-04,ACCOUNTS,SALIM FRUITS 9895683835,FINAL,1051.00
P000521,2025-07-04,ACCOUNTS,SALIM FRUITS 9895683835,FINAL,1901.00
P000522,2025-07-04,ACCOUNTS,MURALYA-DAIRY,FINAL,1188.40
P000523,2025-07-04,ACCOUNTS,SALIM FRUITS 9895683835,FINAL,964.00
P000524,2025-07-04,ACCOUNTS,SALIM FRUITS 9895683835,FINAL,1250.00
P000525,2025-07-04,ACCOUNTS,MURALYA-DAIRY,FINAL,314.08
P000526,2025-07-04,ACCOUNTS,SALIM FRUITS 9895683835,FINAL,2400.00
P000527,2025-07-04,ACCOUNTS,JOHNY-BEEF-MERCHANT,FINAL,2520.00
P000528,2025-07-04,ACCOUNTS,MURALYA-DAIRY,FINAL,2246.67
P000529,2025-07-04,ACCOUNTS,M.H TRADERS 9895683835,FINAL,19505.00
P000530,2025-07-04,ACCOUNTS,K.ABDUL-MAJEED---KULAKADA,FINAL,1143.00
P000531,2025-07-04,ACCOUNTS,GREEN-LAND-VEGETABLES,FINAL,5679.02
P000532,2025-07-04,ACCOUNTS,ELANAD MILK PRIVATE LIMITES 7593883322S,FINAL,6572.58
P000080,2025-07-04,CGN,MIKKU--DISTRIBUTIONS,FINAL,18295.74
P000081,2025-07-04,CGN,KREEM FOODS (P) LTD,FINAL,1087.81
P000082,2025-07-04,CGN,PUNARTHAM AGENIES 9995692927,FINAL,11501.20
P000083,2025-07-04,CGN,V VENTURES 9074682810,FINAL,22140.00
P000084,2025-07-04,CGN,V VENTURES 9074682810,FINAL,20376.00
P000085,2025-07-04,CGN,KREEM FOODS (P) LTD,FINAL,4886.24
P000086,2025-07-04,CGN,KREEM FOODS (P) LTD,FINAL,4886.24
P000087,2025-07-04,CGN,KREEM FOODS (P) LTD,FINAL,1743.73
P000088,2025-07-04,CGN,KREEM FOODS (P) LTD,FINAL,3498.73
P000089,2025-07-05,CGN,KREEM FOODS (P) LTD,FINAL,7346.20
P000090,2025-07-05,CGN,KREEM FOODS (P) LTD,FINAL,8110.36
P000091,2025-07-05,CGN,KREEM FOODS (P) LTD,FINAL,8396.24
P000533,2025-07-05,ACCOUNTS,NANDHUS-BHARAT-GAS,FINAL,44658.00
P000534,2025-07-05,ACCOUNTS,MITHRA-TRADERS,FINAL,38350.00
P000535,2025-07-05,ACCOUNTS,HOTELIERS-CHOICE,FINAL,3538.53
P000536,2025-07-05,ACCOUNTS,HOTELIERS-CHOICE,FINAL,7499.98
P000537,2025-07-05,ACCOUNTS,HOTELIERS-CHOICE,FINAL,16193.40
P000538,2025-07-05,ACCOUNTS,SRIKANTH KHOVA,FINAL,4819.50
P000092,2025-07-05,CGN,VALIYAVEEDANS-AGENCIES,FINAL,26236.23
P000093,2025-07-05,CGN,COMMERCIAL-COMBINES,FINAL,35662.01
P000094,2025-07-05,CGN,COMMERCIAL-COMBINES,FINAL,14191.06
P000539,2025-07-05,ACCOUNTS,SRIKANTH KHOVA,FINAL,4827.20
P000095,2025-07-05,CGN,ZAM-ZAM-TRADE-LINK,FINAL,6606.00
P000540,2025-07-07,ACCOUNTS,SALIM FRUITS 9895683835,FINAL,426.00
P000541,2025-07-07,ACCOUNTS,MURALYA-DAIRY,FINAL,488.00
P000542,2025-07-07,ACCOUNTS,SALIM FRUITS 9895683835,FINAL,535.00
P000543,2025-07-07,ACCOUNTS,GREEN-LAND-VEGETABLES,FINAL,740.00
P000544,2025-07-07,ACCOUNTS,SALIM FRUITS 9895683835,FINAL,1734.00
P000545,2025-07-07,ACCOUNTS,SALIM FRUITS 9895683835,FINAL,2022.00
P000546,2025-07-07,ACCOUNTS,MURALYA-DAIRY,FINAL,1342.00
P000547,2025-07-07,ACCOUNTS,SALIM FRUITS 9895683835,FINAL,1461.00
P000548,2025-07-07,ACCOUNTS,SALIM FRUITS 9895683835,FINAL,724.00
P000549,2025-07-07,ACCOUNTS,SALIM FRUITS 9895683835,FINAL,966.00
P000550,2025-07-07,ACCOUNTS,SALIM FRUITS 9895683835,FINAL,230.00
P000551,2025-07-07,ACCOUNTS,MURALYA-DAIRY,FINAL,376.17
P000552,2025-07-07,ACCOUNTS,SALIM FRUITS 9895683835,FINAL,968.00
P000553,2025-07-07,ACCOUNTS,MURALYA-DAIRY,FINAL,315.08
P000554,2025-07-07,ACCOUNTS,SALIM FRUITS 9895683835,FINAL,1986.00
P000555,2025-07-07,ACCOUNTS,GREEN-LAND-VEGETABLES,FINAL,1415.00
P000556,2025-07-07,ACCOUNTS,MURALYA-DAIRY,FINAL,2253.20
P000557,2025-07-07,ACCOUNTS,M.H TRADERS 9895683835,FINAL,21995.00
P000558,2025-07-07,ACCOUNTS,K.ABDUL-MAJEED---KULAKADA,FINAL,765.00
P000559,2025-07-07,ACCOUNTS,K.ABDUL-MAJEED---KULAKADA,FINAL,4366.00
P000560,2025-07-07,ACCOUNTS,GREEN-LAND-VEGETABLES,FINAL,7050.99
P000561,2025-07-07,ACCOUNTS,KRISHNA COCONUT DEALER 9447989851,FINAL,7600.00
P000562,2025-07-07,ACCOUNTS,A.ABDUL-SALAM,FINAL,11298.00
P000563,2025-07-07,ACCOUNTS,S S HALAL CHICKEN CENTRE 9495568969,FINAL,57009.00
P000564,2025-07-07,ACCOUNTS,ELANAD MILK PRIVATE LIMITES 7593883322S,FINAL,8505.10
P000565,2025-07-07,ACCOUNTS,A.S.K-ENTERPRISES,FINAL,16800.00
P000566,2025-07-07,ACCOUNTS,COCHIN-BAKERS-AND-SPICES,FINAL,46011.22
P000567,2025-07-07,ACCOUNTS,PAPERLOOM INDUSTRIES 9746914235,FINAL,5746.01
P000568,2025-07-07,ACCOUNTS,QUICK FOODS 9746597358,FINAL,4570.00
P000569,2025-07-07,ACCOUNTS,SHREE-MAHAVEER-TRADERS,FINAL,11925.00
P000570,2025-07-07,ACCOUNTS,ZAM-ZAM-TRADE-LINK,FINAL,14407.00
P000571,2025-07-07,ACCOUNTS,VALIYAVEEDANS-AGENCIES,FINAL,35832.92
P000572,2025-07-07,ACCOUNTS,VALAVI-AGENCIES,FINAL,12539.60
P000573,2025-07-07,ACCOUNTS,P.K.V.-TRADERS,FINAL,11930.00
P000574,2025-07-07,ACCOUNTS,NKP-TRADES-IMPEX,FINAL,43580.45
P000575,2025-07-07,ACCOUNTS,FORTUNE-COMMERCIAL-CO,FINAL,118500.10
P000576,2025-07-07,ACCOUNTS,COCHIN-BAKERS-AND-SPICES,FINAL,13678.98
P000577,2025-07-07,ACCOUNTS,URBAN-STANISLAUS-AND-COMPANY,FINAL,53733.75
P000578,2025-07-07,ACCOUNTS,SIBI-STORE,FINAL,107666.28
P000579,2025-07-07,ACCOUNTS,P.M.TRADING-COMPANY,FINAL,20000.00
P000580,2025-07-07,ACCOUNTS,CALCUTTA TRADING CO 9447068888,FINAL,9540.00
P000581,2025-07-07,ACCOUNTS,E-P-JOSEPH--COMPANY,FINAL,73500.00
P000582,2025-07-07,ACCOUNTS,BSP-PAPER-PRODUCTS,FINAL,11000.00
P000583,2025-07-07,ACCOUNTS,SALIM FRUITS 9895683835,FINAL,455.00
P000584,2025-07-07,ACCOUNTS,MURALYA-DAIRY,FINAL,152.00
P000585,2025-07-07,ACCOUNTS,SALIM FRUITS 9895683835,FINAL,1146.00
P000586,2025-07-07,ACCOUNTS,SALIM FRUITS 9895683835,FINAL,1793.36
P000587,2025-07-07,ACCOUNTS,MURALYA-DAIRY,FINAL,701.90
P000588,2025-07-07,ACCOUNTS,SALIM FRUITS 9895683835,FINAL,878.00
P000589,2025-07-07,ACCOUNTS,SALIM FRUITS 9895683835,FINAL,1404.00
P000590,2025-07-07,ACCOUNTS,SALIM FRUITS 9895683835,FINAL,743.00
P000591,2025-07-07,ACCOUNTS,MURALYA-DAIRY,FINAL,254.00
P000592,2025-07-07,ACCOUNTS,SALIM FRUITS 9895683835,FINAL,787.00
P000593,2025-07-07,ACCOUNTS,MURALYA-DAIRY,FINAL,315.10
P000096,2025-07-07,CGN,ZAM-ZAM-TRADE-LINK,FINAL,27374.15
P000594,2025-07-07,ACCOUNTS,SALIM FRUITS 9895683835,FINAL,2110.99
P000595,2025-07-07,ACCOUNTS,JOHNY-BEEF-MERCHANT,FINAL,2880.00
P000596,2025-07-07,ACCOUNTS,MURALYA-DAIRY,FINAL,2069.10
P000597,2025-07-07,ACCOUNTS,M.H TRADERS 9895683835,FINAL,20588.00
P000598,2025-07-07,ACCOUNTS,GREEN-LAND-VEGETABLES,FINAL,4935.01
P000599,2025-07-07,ACCOUNTS,K.ABDUL-MAJEED---KULAKADA,FINAL,1004.00
P000600,2025-07-07,ACCOUNTS,A.ABDUL-SALAM,FINAL,2935.00
P000601,2025-07-07,ACCOUNTS,SAGAR AGENCIES 9446377469,FINAL,15596.84
P000603,2025-07-08,ACCOUNTS,MURALYA-DAIRY,FINAL,488.10
P000604,2025-07-08,ACCOUNTS,SALIM FRUITS 9895683835,FINAL,404.00
P000605,2025-07-08,ACCOUNTS,GREEN-LAND-VEGETABLES,FINAL,710.00
P000606,2025-07-08,ACCOUNTS,SALIM FRUITS 9895683835,FINAL,1576.00
P000607,2025-07-08,ACCOUNTS,MURALYA-DAIRY,FINAL,1735.00
P000608,2025-07-08,ACCOUNTS,MURALYA-DAIRY,FINAL,1190.40
P000609,2025-07-08,ACCOUNTS,SALIM FRUITS 9895683835,FINAL,961.00
P000610,2025-07-08,ACCOUNTS,SALIM FRUITS 9895683835,FINAL,997.00
P000611,2025-07-08,ACCOUNTS,SALIM FRUITS 9895683835,FINAL,1425.00
P000612,2025-07-08,ACCOUNTS,SALIM FRUITS 9895683835,FINAL,605.00
P000613,2025-07-08,ACCOUNTS,SALIM FRUITS 9895683835,FINAL,561.00
P000614,2025-07-08,ACCOUNTS,MURALYA-DAIRY,FINAL,254.00
P000615,2025-07-08,ACCOUNTS,SALIM FRUITS 9895683835,FINAL,2540.00
P000616,2025-07-08,ACCOUNTS,SALIM FRUITS 9895683835,FINAL,1876.20
P000617,2025-07-08,ACCOUNTS,JOHNY-BEEF-MERCHANT,FINAL,2520.00
P000618,2025-07-08,ACCOUNTS,K.ABDUL-MAJEED---KULAKADA,FINAL,1092.00
P000619,2025-07-08,ACCOUNTS,M.H TRADERS 9895683835,FINAL,22202.00
P000620,2025-07-08,ACCOUNTS,GREEN-LAND-VEGETABLES,FINAL,8367.01
P000621,2025-07-08,ACCOUNTS,A.ABDUL-SALAM,FINAL,12034.00
P000622,2025-07-08,ACCOUNTS,S S HALAL CHICKEN CENTRE 9495568969,FINAL,69007.80
P000623,2025-07-08,ACCOUNTS,ELANAD MILK PRIVATE LIMITES 7593883322S,FINAL,7734.06
P000097,2025-07-08,CGN,VALIYAVEEDANS-AGENCIES,FINAL,5887.85
P000098,2025-07-08,CGN,CHITRA-AGENCIES,FINAL,15664.03
P000099,2025-07-10,CGN,RAHIM-ENTERPRISES,FINAL,23389.96
P000100,2025-07-10,CGN,RAHIM-ENTERPRISES,FINAL,17340.59
P000101,2025-07-10,CGN,SNEHA-ENTERPRISES,FINAL,4884.85
P000102,2025-07-10,CGN,SNEHA-ENTERPRISES,FINAL,6032.90
P000103,2025-07-11,CGN,VOLUME-SALES,FINAL,35269.31
P000104,2025-07-11,CGN,TRAVANCORE-MARKETING-SYNDICATE,FINAL,6875.00
P000105,2025-07-11,CGN,K.V.J.-ENTERPRISES,FINAL,46446.00
P000106,2025-07-12,CGN,REEMS SODA PRODUCTS 9947520504,FINAL,4440.00
P000107,2025-07-14,CGN,V VENTURES 9074682810,FINAL,29445.00
P000108,2025-07-14,CGN,V VENTURES 9074682810,FINAL,26760.00
P000624,2025-07-14,ACCOUNTS,SALIM FRUITS 9895683835,FINAL,554.00
P000625,2025-07-14,ACCOUNTS,SALIM FRUITS 9895683835,FINAL,785.00
P000626,2025-07-14,ACCOUNTS,SALIM FRUITS 9895683835,FINAL,567.00
P000627,2025-07-14,ACCOUNTS,SALIM FRUITS 9895683835,FINAL,1617.00
P000628,2025-07-14,ACCOUNTS,MURALYA-DAIRY,FINAL,1007.00
P000629,2025-07-14,ACCOUNTS,SALIM FRUITS 9895683835,FINAL,880.25
P000630,2025-07-14,ACCOUNTS,SALIM FRUITS 9895683835,FINAL,1489.00
P000631,2025-07-14,ACCOUNTS,SALIM FRUITS 9895683835,FINAL,548.00
P000632,2025-07-14,ACCOUNTS,MURALYA-DAIRY,FINAL,376.11
P000633,2025-07-14,ACCOUNTS,M.H TRADERS 9895683835,FINAL,25149.80
P000634,2025-07-14,ACCOUNTS,K.ABDUL-MAJEED---KULAKADA,FINAL,931.43
P000635,2025-07-14,ACCOUNTS,MURALYA-DAIRY,FINAL,488.00
P000109,2025-07-14,CGN,COMMERCIAL-COMBINES,FINAL,49087.17
P000636,2025-07-14,ACCOUNTS,SALIM FRUITS 9895683835,FINAL,1404.14
P000637,2025-07-14,ACCOUNTS,SALIM FRUITS 9895683835,FINAL,1941.64
P000638,2025-07-14,ACCOUNTS,MURALYA-DAIRY,FINAL,823.00
P000639,2025-07-14,ACCOUNTS,SALIM FRUITS 9895683835,FINAL,939.00
P000640,2025-07-14,ACCOUNTS,SALIM FRUITS 9895683835,FINAL,788.00
P000641,2025-07-14,ACCOUNTS,SALIM FRUITS 9895683835,FINAL,766.00
P000642,2025-07-14,ACCOUNTS,JOHNY-BEEF-MERCHANT,FINAL,4680.00
P000643,2025-07-14,ACCOUNTS,MURALYA-DAIRY,FINAL,1874.50
P000644,2025-07-14,ACCOUNTS,M.H TRADERS 9895683835,FINAL,26014.40
P000645,2025-07-14,ACCOUNTS,K.ABDUL-MAJEED---KULAKADA,FINAL,9378.98
P000646,2025-07-14,ACCOUNTS,GREEN-LAND-VEGETABLES,FINAL,3675.00
P000647,2025-07-14,ACCOUNTS,A.ABDUL-SALAM,FINAL,2846.00
P000648,2025-07-14,ACCOUNTS,KRISHNA COCONUT DEALER 9447989851,FINAL,7500.00
P000649,2025-07-14,ACCOUNTS,SALIM FRUITS 9895683835,FINAL,700.00
P000650,2025-07-14,ACCOUNTS,JOHNY-BEEF-MERCHANT,FINAL,1800.00
P000651,2025-07-14,ACCOUNTS,MURALYA-DAIRY,FINAL,2499.33
P000652,2025-07-14,ACCOUNTS,K.ABDUL-MAJEED---KULAKADA,FINAL,780.50
P000653,2025-07-14,ACCOUNTS,GREEN-LAND-VEGETABLES,FINAL,8268.02
P000654,2025-07-14,ACCOUNTS,M.H TRADERS 9895683835,FINAL,20436.50
P000655,2025-07-14,ACCOUNTS,ELANAD MILK PRIVATE LIMITES 7593883322S,FINAL,8205.10
P000656,2025-07-14,ACCOUNTS,ELANAD MILK PRIVATE LIMITES 7593883322S,FINAL,8008.10
P000657,2025-07-15,ACCOUNTS,AUGUST FOOD INGREDIENTS 9847716158,FINAL,1784.00
P000658,2025-07-15,ACCOUNTS,COCHIN-BAKERS-AND-SPICES,FINAL,15213.01
P000659,2025-07-15,ACCOUNTS,COCHIN-BAKERS-AND-SPICES,FINAL,30229.82
P000660,2025-07-15,ACCOUNTS,ENRICH ASSOCIATE 9895683835,FINAL,11550.00
P000661,2025-07-15,ACCOUNTS,HOTELIERS-CHOICE,FINAL,9801.56
P000662,2025-07-15,ACCOUNTS,HOTELIERS-CHOICE,FINAL,13494.00
P000663,2025-07-15,ACCOUNTS,HOTELIERS-CHOICE,FINAL,899.98
P000664,2025-07-15,ACCOUNTS,HOTELIERS-CHOICE,FINAL,8300.00
P000665,2025-07-15,ACCOUNTS,HOTELIERS-CHOICE,FINAL,16193.00
P000666,2025-07-15,ACCOUNTS,MAMVILAYIL-MEDINEEDS,FINAL,6884.50
P000667,2025-07-15,ACCOUNTS,NANDHUS-BHARAT-GAS,FINAL,46312.00
P000668,2025-07-15,ACCOUNTS,NANDHUS-BHARAT-GAS,FINAL,39696.00
P000669,2025-07-15,ACCOUNTS,Q BAGS PVT LTD,FINAL,20679.90
P000670,2025-07-15,ACCOUNTS,SIBI-STORE,FINAL,86553.40
P000671,2025-07-15,ACCOUNTS,SIBI-STORE,FINAL,114409.52
P000672,2025-07-15,ACCOUNTS,SUPER-TRADERS,FINAL,97761.75
P000673,2025-07-15,ACCOUNTS,USHAS-ENTERPRISES,FINAL,17088.00
P000674,2025-07-15,ACCOUNTS,VINOD--CO,FINAL,8000.00
P000675,2025-07-15,ACCOUNTS,VALIYAVEEDANS-AGENCIES,FINAL,29196.08
P000110,2025-07-15,CGN,CHITRA-AGENCIES,FINAL,12846.13
P000111,2025-07-15,CGN,A.K.M ENTERPRISES 9249773639,FINAL,17289.03
P000676,2025-07-16,ACCOUNTS,SALIM FRUITS 9895683835,FINAL,631.00
P000677,2025-07-16,ACCOUNTS,MURALYA-DAIRY,FINAL,487.00
P000678,2025-07-16,ACCOUNTS,SALIM FRUITS 9895683835,FINAL,410.00
P000679,2025-07-16,ACCOUNTS,SALIM FRUITS 9895683835,FINAL,1856.00
P000680,2025-07-16,ACCOUNTS,SALIM FRUITS 9895683835,FINAL,2090.00
P000681,2025-07-16,ACCOUNTS,MURALYA-DAIRY,FINAL,1188.00
P000682,2025-07-16,ACCOUNTS,SALIM FRUITS 9895683835,FINAL,1516.00
P000683,2025-07-16,ACCOUNTS,SALIM FRUITS 9895683835,FINAL,1488.00
P000684,2025-07-16,ACCOUNTS,MURALYA-DAIRY,FINAL,375.00
P000685,2025-07-16,ACCOUNTS,MURALYA-DAIRY,FINAL,254.00
P000686,2025-07-16,ACCOUNTS,SALIM FRUITS 9895683835,FINAL,2440.00
P000687,2025-07-16,ACCOUNTS,JOHNY-BEEF-MERCHANT,FINAL,2880.00
P000688,2025-07-16,ACCOUNTS,MURALYA-DAIRY,FINAL,2439.00
P000689,2025-07-16,ACCOUNTS,M.H TRADERS 9895683835,FINAL,29801.00
P000690,2025-07-16,ACCOUNTS,K.ABDUL-MAJEED---KULAKADA,FINAL,2571.00
P000691,2025-07-16,ACCOUNTS,GREEN-LAND-VEGETABLES,FINAL,10126.00
P000692,2025-07-16,ACCOUNTS,A.ABDUL-SALAM,FINAL,11859.00
P000693,2025-07-16,ACCOUNTS,SALIM FRUITS 9895683835,FINAL,503.00
P000694,2025-07-16,ACCOUNTS,MURALYA-DAIRY,FINAL,488.00
P000695,2025-07-16,ACCOUNTS,SALIM FRUITS 9895683835,FINAL,1651.00
P000696,2025-07-16,ACCOUNTS,SALIM FRUITS 9895683835,FINAL,2144.00
P000697,2025-07-16,ACCOUNTS,MURALYA-DAIRY,FINAL,1342.00
P000698,2025-07-16,ACCOUNTS,SALIM FRUITS 9895683835,FINAL,861.00
P000699,2025-07-16,ACCOUNTS,SALIM FRUITS 9895683835,FINAL,1118.00
P000700,2025-07-16,ACCOUNTS,SALIM FRUITS 9895683835,FINAL,1341.00
P000701,2025-07-16,ACCOUNTS,MURALYA-DAIRY,FINAL,254.00
P000702,2025-07-16,ACCOUNTS,SALIM FRUITS 9895683835,FINAL,744.00
P000703,2025-07-16,ACCOUNTS,MURALYA-DAIRY,FINAL,254.00
P000704,2025-07-16,ACCOUNTS,SALIM FRUITS 9895683835,FINAL,2862.00
P000705,2025-07-16,ACCOUNTS,JOHNY-BEEF-MERCHANT,FINAL,1800.00
P000706,2025-07-16,ACCOUNTS,MURALYA-DAIRY,FINAL,2002.00
P000707,2025-07-16,ACCOUNTS,M.H TRADERS 9895683835,FINAL,21493.00
P000708,2025-07-16,ACCOUNTS,A.ABDUL-SALAM,FINAL,5089.00
P000709,2025-07-16,ACCOUNTS,GREEN-LAND-VEGETABLES,FINAL,11690.00
P000710,2025-07-16,ACCOUNTS,A.ABDUL-SALAM,FINAL,2092.00
P000711,2025-07-16,ACCOUNTS,S S HALAL CHICKEN CENTRE 9495568969,FINAL,62000.00
P000712,2025-07-16,ACCOUNTS,ELANAD MILK PRIVATE LIMITES 7593883322S,FINAL,7621.10
P000713,2025-07-16,ACCOUNTS,ELANAD MILK PRIVATE LIMITES 7593883322S,FINAL,7881.00
P000714,2025-07-16,ACCOUNTS,ELANAD MILK PRIVATE LIMITES 7593883322S,FINAL,4984.58
P000715,2025-07-16,ACCOUNTS,ELANAD MILK PRIVATE LIMITES 7593883322S,FINAL,8197.10
P000716,2025-07-16,ACCOUNTS,ELANAD MILK PRIVATE LIMITES 7593883322S,FINAL,7951.05
P000717,2025-07-16,ACCOUNTS,JOHNY-BEEF-MERCHANT,FINAL,5040.00
P000718,2025-07-16,ACCOUNTS,MURALYA-DAIRY,FINAL,2500.00
P000719,2025-07-16,ACCOUNTS,ABRAHAM AND SONS 8281344674,FINAL,11250.00
P000720,2025-07-16,ACCOUNTS,A.ABDUL-SALAM,FINAL,12237.40
P000721,2025-07-16,ACCOUNTS,M.H TRADERS 9895683835,FINAL,24225.00
P000722,2025-07-16,ACCOUNTS,K.ABDUL-MAJEED---KULAKADA,FINAL,7425.25
P000723,2025-07-16,ACCOUNTS,KRISHNA COCONUT DEALER 9447989851,FINAL,7500.00
P000724,2025-07-16,ACCOUNTS,ELANAD MILK PRIVATE LIMITES 7593883322S,FINAL,8046.00
P000725,2025-07-16,ACCOUNTS,SAGAR AGENCIES 9446377469,FINAL,18813.38
P000112,2025-07-16,CGN,VALIYAVEEDANS-AGENCIES,FINAL,25811.94
P000726,2025-07-17,ACCOUNTS,SALIM FRUITS 9895683835,FINAL,1286.00
P000727,2025-07-17,ACCOUNTS,MURALYA-DAIRY,FINAL,487.00
P000728,2025-07-17,ACCOUNTS,SALIM FRUITS 9895683835,FINAL,1493.00
P000729,2025-07-17,ACCOUNTS,JOHNY-BEEF-MERCHANT,FINAL,1800.00
P000730,2025-07-17,ACCOUNTS,SALIM FRUITS 9895683835,FINAL,1306.00
P000731,2025-07-17,ACCOUNTS,MURALYA-DAIRY,FINAL,822.00
P000732,2025-07-17,ACCOUNTS,SALIM FRUITS 9895683835,FINAL,847.00
P000734,2025-07-17,ACCOUNTS,SALIM FRUITS 9895683835,FINAL,847.00
P000735,2025-07-17,ACCOUNTS,SALIM FRUITS 9895683835,FINAL,1216.00
P000736,2025-07-17,ACCOUNTS,SALIM FRUITS 9895683835,FINAL,1208.00
P000737,2025-07-17,ACCOUNTS,SALIM FRUITS 9895683835,FINAL,780.00
P000738,2025-07-17,ACCOUNTS,SALIM FRUITS 9895683835,FINAL,292.00
P000739,2025-07-17,ACCOUNTS,SALIM FRUITS 9895683835,FINAL,2550.00
P000740,2025-07-17,ACCOUNTS,MURALYA-DAIRY,FINAL,2496.00
P000741,2025-07-17,ACCOUNTS,K.ABDUL-MAJEED---KULAKADA,FINAL,1788.00
P000742,2025-07-17,ACCOUNTS,GREEN-LAND-VEGETABLES,FINAL,8284.00
P000743,2025-07-17,ACCOUNTS,K.ABDUL-MAJEED---KULAKADA,FINAL,2874.00
P000744,2025-07-17,ACCOUNTS,S S HALAL CHICKEN CENTRE 9495568969,FINAL,58000.00
P000745,2025-07-17,ACCOUNTS,SALIM FRUITS 9895683835,FINAL,348.00
P000746,2025-07-17,ACCOUNTS,SALIM FRUITS 9895683835,FINAL,320.00
P000747,2025-07-17,ACCOUNTS,GREEN-LAND-VEGETABLES,FINAL,740.00
P000748,2025-07-17,ACCOUNTS,MURALYA-DAIRY,FINAL,152.00
P000749,2025-07-17,ACCOUNTS,SALIM FRUITS 9895683835,FINAL,735.00
P000750,2025-07-17,ACCOUNTS,MURALYA-DAIRY,FINAL,822.00
P000751,2025-07-17,ACCOUNTS,SALIM FRUITS 9895683835,FINAL,1376.00
P000752,2025-07-17,ACCOUNTS,SALIM FRUITS 9895683835,FINAL,959.00
P000753,2025-07-17,ACCOUNTS,SALIM FRUITS 9895683835,FINAL,988.00
P000754,2025-07-17,ACCOUNTS,SALIM FRUITS 9895683835,FINAL,407.00
P000755,2025-07-17,ACCOUNTS,MURALYA-DAIRY,FINAL,436.33
P000756,2025-07-17,ACCOUNTS,MURALYA-DAIRY,FINAL,314.00
P000757,2025-07-17,ACCOUNTS,SALIM FRUITS 9895683835,FINAL,660.00
P000758,2025-07-17,ACCOUNTS,JOHNY-BEEF-MERCHANT,FINAL,1800.00
P000759,2025-07-17,ACCOUNTS,MURALYA-DAIRY,FINAL,2372.00
P000760,2025-07-17,ACCOUNTS,M.H TRADERS 9895683835,FINAL,27588.00
P000761,2025-07-17,ACCOUNTS,M.H TRADERS 9895683835,FINAL,22833.00
P000762,2025-07-17,ACCOUNTS,GREEN-LAND-VEGETABLES,FINAL,14401.00
P000763,2025-07-17,ACCOUNTS,A.ABDUL-SALAM,FINAL,2413.00
P000764,2025-07-17,ACCOUNTS,K.ABDUL-MAJEED---KULAKADA,FINAL,636.00
P000765,2025-07-17,ACCOUNTS,KRISHNA COCONUT DEALER 9447989851,FINAL,3750.00
P000766,2025-07-17,ACCOUNTS,VEEKAY-SCIENTIFIC-TRADERS,FINAL,1357.00
P000767,2025-07-17,ACCOUNTS,ABRAHAM AND SONS 8281344674,FINAL,8800.00
P000768,2025-07-17,ACCOUNTS,ABRAHAM AND SONS 8281344674,FINAL,8800.00
P000113,2025-07-17,CGN,ZAM-ZAM-TRADE-LINK,FINAL,31542.53
P000769,2025-07-17,ACCOUNTS,ABRAHAM AND SONS 8281344674,FINAL,8800.00
P000114,2025-07-17,CGN,SREE-SIVA-AGENCIES,FINAL,13103.19
P000115,2025-07-17,CGN,A.S.K-ENTERPRISES,FINAL,12024.45
P000770,2025-07-18,ACCOUNTS,VINOD--CO,FINAL,14305.00
P000771,2025-07-18,ACCOUNTS,VINOD--CO,FINAL,21600.00
P000772,2025-07-18,ACCOUNTS,VALIYAVEEDANS-AGENCIES,FINAL,48448.19
P000773,2025-07-18,ACCOUNTS,COCHIN-BAKERS-AND-SPICES,FINAL,12883.03
P000774,2025-07-18,ACCOUNTS,NALLA-FOODS,FINAL,16576.00
P000775,2025-07-18,ACCOUNTS,SUNRISE HAIWA 9946315232,FINAL,19040.00
P000776,2025-07-18,ACCOUNTS,SIBI-STORE,FINAL,108075.30
P000777,2025-07-18,ACCOUNTS,NANDHUS-BHARAT-GAS,FINAL,59544.00
P000778,2025-07-18,ACCOUNTS,SUPER-TRADERS,FINAL,119122.94
P000779,2025-07-18,ACCOUNTS,SUPER-TRADERS,FINAL,1848.00
P000780,2025-07-18,ACCOUNTS,SUPER-TRADERS,FINAL,13200.01
P000781,2025-07-18,ACCOUNTS,HOTELIERS-CHOICE,FINAL,21591.00
P000782,2025-07-18,ACCOUNTS,HOTELIERS-CHOICE,FINAL,16749.91
P000783,2025-07-18,ACCOUNTS,HOTELIERS-CHOICE,FINAL,11525.82
P000784,2025-07-18,ACCOUNTS,MURALYA-DAIRY,FINAL,486.60
P000785,2025-07-18,ACCOUNTS,SALIM FRUITS 9895683835,FINAL,840.00
P000786,2025-07-18,ACCOUNTS,SALIM FRUITS 9895683835,FINAL,1347.50
P000787,2025-07-18,ACCOUNTS,MURALYA-DAIRY,FINAL,1187.40
P000788,2025-07-18,ACCOUNTS,SALIM FRUITS 9895683835,FINAL,665.00
P000789,2025-07-18,ACCOUNTS,SALIM FRUITS 9895683835,FINAL,1170.75
P000790,2025-07-18,ACCOUNTS,SALIM FRUITS 9895683835,FINAL,922.00
P000791,2025-07-18,ACCOUNTS,SALIM FRUITS 9895683835,FINAL,1570.00
P000792,2025-07-18,ACCOUNTS,SALIM FRUITS 9895683835,FINAL,1395.00
P000793,2025-07-18,ACCOUNTS,JOHNY-BEEF-MERCHANT,FINAL,1800.00
P000794,2025-07-18,ACCOUNTS,MURALYA-DAIRY,FINAL,1504.50
P000795,2025-07-18,ACCOUNTS,M.H TRADERS 9895683835,FINAL,25254.60
P000796,2025-07-18,ACCOUNTS,K.ABDUL-MAJEED---KULAKADA,FINAL,3727.99
P000797,2025-07-18,ACCOUNTS,GREEN-LAND-VEGETABLES,FINAL,4589.99
P000798,2025-07-18,ACCOUNTS,A.ABDUL-SALAM,FINAL,3303.01
P000799,2025-07-18,ACCOUNTS,S S HALAL CHICKEN CENTRE 9495568969,FINAL,42000.00
P000800,2025-07-18,ACCOUNTS,ELANAD MILK PRIVATE LIMITES 7593883322S,FINAL,6935.58
P000801,2025-07-18,ACCOUNTS,ELANAD MILK PRIVATE LIMITES 7593883322S,FINAL,7909.07
P000802,2025-07-18,ACCOUNTS,ELANAD MILK PRIVATE LIMITES 7593883322S,FINAL,8889.38
P000116,2025-07-18,CGN,VARIETY FASHION 9995304220,FINAL,15139.20
P000117,2025-07-19,CGN,VALIYAVEEDANS-AGENCIES,FINAL,8182.23
P000803,2025-07-19,ACCOUNTS,SALIM FRUITS 9895683835,FINAL,519.00
P000804,2025-07-19,ACCOUNTS,SALIM FRUITS 9895683835,FINAL,704.00
P000805,2025-07-19,ACCOUNTS,SALIM FRUITS 9895683835,FINAL,1173.00
P000806,2025-07-19,ACCOUNTS,MURALYA-DAIRY,FINAL,1189.00
P000807,2025-07-19,ACCOUNTS,SALIM FRUITS 9895683835,FINAL,445.00
P000808,2025-07-19,ACCOUNTS,SALIM FRUITS 9895683835,FINAL,952.00
P000809,2025-07-19,ACCOUNTS,SALIM FRUITS 9895683835,FINAL,760.00
P000810,2025-07-19,ACCOUNTS,SALIM FRUITS 9895683835,FINAL,752.00
P000811,2025-07-19,ACCOUNTS,SALIM FRUITS 9895683835,FINAL,1798.00
P000812,2025-07-19,ACCOUNTS,JOHNY-BEEF-MERCHANT,FINAL,1800.00
P000813,2025-07-19,ACCOUNTS,MURALYA-DAIRY,FINAL,757.39
P000814,2025-07-19,ACCOUNTS,M.H TRADERS 9895683835,FINAL,16144.00
P000815,2025-07-19,ACCOUNTS,K.ABDUL-MAJEED---KULAKADA,FINAL,1125.00
P000816,2025-07-19,ACCOUNTS,GREEN-LAND-VEGETABLES,FINAL,5527.01
P000817,2025-07-19,ACCOUNTS,A.ABDUL-SALAM,FINAL,2184.01
P000818,2025-07-19,ACCOUNTS,MURALYA-DAIRY,FINAL,487.00
P000819,2025-07-19,ACCOUNTS,SALIM FRUITS 9895683835,FINAL,340.00
P000820,2025-07-19,ACCOUNTS,SALIM FRUITS 9895683835,FINAL,1160.00
P000821,2025-07-19,ACCOUNTS,MURALYA-DAIRY,FINAL,457.00
P000822,2025-07-19,ACCOUNTS,SALIM FRUITS 9895683835,FINAL,502.00
P000823,2025-07-19,ACCOUNTS,MURALYA-DAIRY,FINAL,883.67
P000824,2025-07-19,ACCOUNTS,MURALYA-DAIRY,FINAL,314.00
P000825,2025-07-19,ACCOUNTS,SALIM FRUITS 9895683835,FINAL,1099.00
P000826,2025-07-19,ACCOUNTS,JOHNY-BEEF-MERCHANT,FINAL,2880.00
P000827,2025-07-19,ACCOUNTS,M.H TRADERS 9895683835,FINAL,18416.00
P000828,2025-07-19,ACCOUNTS,K.ABDUL-MAJEED---KULAKADA,FINAL,6670.01
P000829,2025-07-19,ACCOUNTS,GREEN-LAND-VEGETABLES,FINAL,12763.00
P000830,2025-07-19,ACCOUNTS,A.ABDUL-SALAM,FINAL,3452.01
P000831,2025-07-19,ACCOUNTS,S S HALAL CHICKEN CENTRE 9495568969,FINAL,53008.00
P000832,2025-07-19,ACCOUNTS,GLORY-PACKAGE,FINAL,90546.00
P000118,2025-07-19,CGN,SACHINA-AGENCIES,FINAL,24401.03
P000833,2025-07-19,ACCOUNTS,GLORY-PACKAGE,FINAL,20608.00
P000834,2025-07-19,ACCOUNTS,SKM EGG PRODUCTS EXPORT(INDIA) LIMITED 4242351532,FINAL,22002.80
P000835,2025-07-19,ACCOUNTS,TISSCORP,FINAL,24957.00
P000836,2025-07-19,ACCOUNTS,PRABHATH FOODS ,FINAL,52710.00
P000837,2025-07-19,ACCOUNTS,SARANGI FOODS 9645054053,FINAL,34750.04
P000838,2025-07-19,ACCOUNTS,FORTUNE-COMMERCIAL-CO,FINAL,118500.10
P000839,2025-07-19,ACCOUNTS,KUTTIYILS-TRADES--AGENCIES,FINAL,8820.00
P000840,2025-07-19,ACCOUNTS,CALCUTTA TRADING CO 9447068888,FINAL,9540.00
P000841,2025-07-19,ACCOUNTS,VALAVI-AGENCIES,FINAL,7212.85
P000842,2025-07-19,ACCOUNTS,P.K.V.-TRADERS,FINAL,22700.00
P000843,2025-07-19,ACCOUNTS,SURABHI OIL INDUSTRIES 8926555566,FINAL,57875.00
P000844,2025-07-19,ACCOUNTS,SKM EGG PRODUCTS EXPORT(INDIA) LIMITED 4242351532,FINAL,20616.80
P000845,2025-07-19,ACCOUNTS,VELLATHARAYIL GREEN BIO COMPOSTABLES,FINAL,36812.50
P000846,2025-07-19,ACCOUNTS,AUGUST FOOD INGREDIENTS 9847716158,FINAL,4041.00
P000847,2025-07-21,ACCOUNTS,MALLIGHA-ASAFOETIDA-COMPANY,FINAL,3504.99
P000848,2025-07-21,ACCOUNTS,FRESH-FOOD,FINAL,3528.00
P000849,2025-07-21,ACCOUNTS,SIBI-STORE,FINAL,84690.51
P000850,2025-07-21,ACCOUNTS,MAMVILAYIL-MEDINEEDS,FINAL,6884.50
P000851,2025-07-21,ACCOUNTS,NANDHUS-BHARAT-GAS,FINAL,44658.00
P000852,2025-07-21,ACCOUNTS,ENRICH ASSOCIATE 9895683835,FINAL,7350.00
P000853,2025-07-21,ACCOUNTS,HOTELIERS-CHOICE,FINAL,20748.90
P000854,2025-07-21,ACCOUNTS,HOTELIERS-CHOICE,FINAL,6173.76
P000855,2025-07-21,ACCOUNTS,HOTELIERS-CHOICE,FINAL,16193.00
P000856,2025-07-21,ACCOUNTS,AUGUST FOOD INGREDIENTS 9847716158,FINAL,1797.00
P000857,2025-07-21,ACCOUNTS,QUICK FOODS 9746597358,FINAL,1761.00
P000858,2025-07-21,ACCOUNTS,A.S.K-ENTERPRISES,FINAL,16800.00
P000859,2025-07-21,ACCOUNTS,USHAS-ENTERPRISES,FINAL,36126.47
P000861,2025-07-21,ACCOUNTS,NKP-TRADES-IMPEX,FINAL,50567.95
P000862,2025-07-21,ACCOUNTS,E-P-JOSEPH--COMPANY,FINAL,60870.00
P000119,2025-07-21,CGN,COMMERCIAL-COMBINES,FINAL,33611.33
P000863,2025-07-21,ACCOUNTS,CACOBEAN-CHOCOLATIER-PVT-LTD,FINAL,10620.00
P000864,2025-07-21,ACCOUNTS,SALIM FRUITS 9895683835,FINAL,217.03
P000865,2025-07-21,ACCOUNTS,MURALYA-DAIRY,FINAL,486.60
P000866,2025-07-21,ACCOUNTS,SALIM FRUITS 9895683835,FINAL,1469.00
P000867,2025-07-21,ACCOUNTS,SALIM FRUITS 9895683835,FINAL,571.00
P000868,2025-07-21,ACCOUNTS,MURALYA-DAIRY,FINAL,821.40
P000869,2025-07-21,ACCOUNTS,SALIM FRUITS 9895683835,FINAL,652.00
P000870,2025-07-21,ACCOUNTS,SALIM FRUITS 9895683835,FINAL,639.00
P000871,2025-07-21,ACCOUNTS,SALIM FRUITS 9895683835,FINAL,1146.00
P000872,2025-07-21,ACCOUNTS,MURALYA-DAIRY,FINAL,375.00
P000873,2025-07-21,ACCOUNTS,MURALYA-DAIRY,FINAL,314.00
P000874,2025-07-21,ACCOUNTS,SALIM FRUITS 9895683835,FINAL,1181.00
P000875,2025-07-21,ACCOUNTS,MURALYA-DAIRY,FINAL,2245.50
P000876,2025-07-21,ACCOUNTS,JOHNY-BEEF-MERCHANT,FINAL,3600.00
P000877,2025-07-21,ACCOUNTS,M.H TRADERS 9895683835,FINAL,17679.00
P000878,2025-07-21,ACCOUNTS,GREEN-LAND-VEGETABLES,FINAL,13228.30
P000879,2025-07-21,ACCOUNTS,S S HALAL CHICKEN CENTRE 9495568969,FINAL,49008.00
P000880,2025-07-21,ACCOUNTS,A.ABDUL-SALAM,FINAL,2743.62
P000881,2025-07-21,ACCOUNTS,ELANAD MILK PRIVATE LIMITES 7593883322S,FINAL,6858.35
P000882,2025-07-21,ACCOUNTS,SALIM FRUITS 9895683835,FINAL,370.00
P000883,2025-07-21,ACCOUNTS,GREEN-LAND-VEGETABLES,FINAL,570.00
P000884,2025-07-21,ACCOUNTS,SALIM FRUITS 9895683835,FINAL,223.00
P000885,2025-07-21,ACCOUNTS,MURALYA-DAIRY,FINAL,152.00
P000886,2025-07-21,ACCOUNTS,SALIM FRUITS 9895683835,FINAL,787.00
P000887,2025-07-21,ACCOUNTS,MURALYA-DAIRY,FINAL,1340.00
P000888,2025-07-21,ACCOUNTS,SALIM FRUITS 9895683835,FINAL,968.89
P000889,2025-07-21,ACCOUNTS,SALIM FRUITS 9895683835,FINAL,444.22
P000890,2025-07-21,ACCOUNTS,SALIM FRUITS 9895683835,FINAL,415.00
P000891,2025-07-21,ACCOUNTS,MURALYA-DAIRY,FINAL,375.33
P000892,2025-07-21,ACCOUNTS,SALIM FRUITS 9895683835,FINAL,1091.00
P000893,2025-07-21,ACCOUNTS,MURALYA-DAIRY,FINAL,1998.66
P000894,2025-07-21,ACCOUNTS,JOHNY-BEEF-MERCHANT,FINAL,5400.00
P000895,2025-07-21,ACCOUNTS,M.H TRADERS 9895683835,FINAL,22223.00
P000896,2025-07-21,ACCOUNTS,K.ABDUL-MAJEED---KULAKADA,FINAL,947.00
P000897,2025-07-21,ACCOUNTS,GREEN-LAND-VEGETABLES,FINAL,8944.99
P000898,2025-07-21,ACCOUNTS,K.ABDUL-MAJEED---KULAKADA,FINAL,2115.74
P000899,2025-07-21,ACCOUNTS,ELANAD MILK PRIVATE LIMITES 7593883322S,FINAL,6382.04
P000900,2025-07-21,ACCOUNTS,ELANAD MILK PRIVATE LIMITES 7593883322S,FINAL,5995.10
P000901,2025-07-21,ACCOUNTS,ELANAD MILK PRIVATE LIMITES 7593883322S,FINAL,8287.10
P000902,2025-07-21,ACCOUNTS,SAGAR AGENCIES 9446377469,FINAL,14111.38
P000904,2025-07-22,ACCOUNTS,VINOD--CO,FINAL,6353.00
P000905,2025-07-22,ACCOUNTS,VINOD--CO,FINAL,14250.00
P000906,2025-07-22,ACCOUNTS,SHREE-MAHAVEER-TRADERS,FINAL,11926.00
P000907,2025-07-22,ACCOUNTS,SKM EGG PRODUCTS EXPORT(INDIA) LIMITED 4242351532,FINAL,20616.80
P000908,2025-07-22,ACCOUNTS,NKP-TRADES-IMPEX,FINAL,53336.53
P000909,2025-07-22,ACCOUNTS,P.K.V.-TRADERS,FINAL,5385.00
P000910,2025-07-22,ACCOUNTS,E-P-JOSEPH--COMPANY,FINAL,61439.98
P000911,2025-07-22,ACCOUNTS,CALCUTTA TRADING CO 9447068888,FINAL,9540.00
P000912,2025-07-22,ACCOUNTS,P.M.TRADING-COMPANY,FINAL,20000.00
P000913,2025-07-22,ACCOUNTS,FORTUNE-COMMERCIAL-CO,FINAL,118500.10
P000914,2025-07-22,ACCOUNTS,VALAVI-AGENCIES,FINAL,8800.41
P000915,2025-07-22,ACCOUNTS,COCHIN-BAKERS-AND-SPICES,FINAL,23921.61
P000916,2025-07-22,ACCOUNTS,SALIM FRUITS 9895683835,FINAL,602.00
P000917,2025-07-22,ACCOUNTS,SALIM FRUITS 9895683835,FINAL,711.00
P000918,2025-07-22,ACCOUNTS,SALIM FRUITS 9895683835,FINAL,1066.00
P000919,2025-07-22,ACCOUNTS,SALIM FRUITS 9895683835,FINAL,1665.00
P000920,2025-07-22,ACCOUNTS,MURALYA-DAIRY,FINAL,1188.00
P000921,2025-07-22,ACCOUNTS,SALIM FRUITS 9895683835,FINAL,635.54
P000922,2025-07-22,ACCOUNTS,SALIM FRUITS 9895683835,FINAL,1158.00
P000923,2025-07-22,ACCOUNTS,SALIM FRUITS 9895683835,FINAL,671.00
P000924,2025-07-22,ACCOUNTS,SALIM FRUITS 9895683835,FINAL,648.00
P000925,2025-07-22,ACCOUNTS,MURALYA-DAIRY,FINAL,254.00
P000926,2025-07-22,ACCOUNTS,MURALYA-DAIRY,FINAL,254.00
P000927,2025-07-22,ACCOUNTS,SALIM FRUITS 9895683835,FINAL,262.00
P000928,2025-07-22,ACCOUNTS,SALIM FRUITS 9895683835,FINAL,1375.00
P000929,2025-07-22,ACCOUNTS,JOHNY-BEEF-MERCHANT,FINAL,1800.00
P000930,2025-07-22,ACCOUNTS,MURALYA-DAIRY,FINAL,2322.00
P000931,2025-07-22,ACCOUNTS,K.ABDUL-MAJEED---KULAKADA,FINAL,7478.99
P000932,2025-07-22,ACCOUNTS,K.ABDUL-MAJEED---KULAKADA,FINAL,900.49
P000933,2025-07-22,ACCOUNTS,GREEN-LAND-VEGETABLES,FINAL,7742.00
P000934,2025-07-22,ACCOUNTS,K.ABDUL-MAJEED---KULAKADA,FINAL,3582.00
P000935,2025-07-22,ACCOUNTS,ELANAD MILK PRIVATE LIMITES 7593883322S,FINAL,7697.05
P000936,2025-07-23,ACCOUNTS,NANDHUS-BHARAT-GAS,FINAL,51274.00
P000937,2025-07-23,ACCOUNTS,VALIYAVEEDANS-AGENCIES,FINAL,45054.15
P000938,2025-07-23,ACCOUNTS,HOTELIERS-CHOICE,FINAL,5707.32
P000939,2025-07-23,ACCOUNTS,HOTELIERS-CHOICE,FINAL,16193.00
P000940,2025-07-23,ACCOUNTS,HOTELIERS-CHOICE,FINAL,9499.95
P000941,2025-07-23,ACCOUNTS,HOTELIERS-CHOICE,FINAL,18754.00
P000942,2025-07-23,ACCOUNTS,M.H TRADERS 9895683835,FINAL,18857.00
P000943,2025-07-23,ACCOUNTS,K.ABDUL-MAJEED---KULAKADA,FINAL,1983.00
P000120,2025-07-23,CGN,RAHIM-ENTERPRISES,FINAL,24754.42
P000944,2025-07-23,ACCOUNTS,ELANAD MILK PRIVATE LIMITES 7593883322S,FINAL,6905.10
P000945,2025-07-23,ACCOUNTS,MURALYA-DAIRY,FINAL,487.80
P000946,2025-07-23,ACCOUNTS,SALIM FRUITS 9895683835,FINAL,782.35
P000947,2025-07-23,ACCOUNTS,MURALYA-DAIRY,FINAL,1190.20
P000948,2025-07-23,ACCOUNTS,SALIM FRUITS 9895683835,FINAL,969.00
P000949,2025-07-23,ACCOUNTS,SALIM FRUITS 9895683835,FINAL,350.00
P000950,2025-07-23,ACCOUNTS,MURALYA-DAIRY,FINAL,254.00
P000951,2025-07-23,ACCOUNTS,SALIM FRUITS 9895683835,FINAL,1150.00
P000952,2025-07-23,ACCOUNTS,MURALYA-DAIRY,FINAL,1876.00
P000953,2025-07-23,ACCOUNTS,M.H TRADERS 9895683835,FINAL,15919.00
P000954,2025-07-23,ACCOUNTS,M.H TRADERS 9895683835,FINAL,22433.00
P000955,2025-07-23,ACCOUNTS,KRISHNA COCONUT DEALER 9447989851,FINAL,10950.00
P000956,2025-07-23,ACCOUNTS,A.ABDUL-SALAM,FINAL,2298.00
P000957,2025-07-23,ACCOUNTS,GREEN-LAND-VEGETABLES,FINAL,11220.00
P000958,2025-07-23,ACCOUNTS,K.ABDUL-MAJEED---KULAKADA,FINAL,710.65
P000959,2025-07-23,ACCOUNTS,S S HALAL CHICKEN CENTRE 9495568969,FINAL,59008.10
P000960,2025-07-23,ACCOUNTS,CACOBEAN-CHOCOLATIER-PVT-LTD,FINAL,10620.00
P000961,2025-07-23,ACCOUNTS,STALLION-SYSTEMS--SOLUTIONS-PVT.-LTD.,FINAL,1123.00
P000121,2025-07-23,CGN,SNEHA-ENTERPRISES,FINAL,23658.27
P000962,2025-07-23,ACCOUNTS,PRINTSHOP 04842398151,FINAL,1888.00
P000963,2025-07-23,ACCOUNTS,UNILAB 42555455,FINAL,2178.00
P000964,2025-07-23,ACCOUNTS,R S IMPORTS,FINAL,4070.00
P000122,2025-07-23,CGN,VALIYAVEEDANS-AGENCIES,FINAL,28484.76
P000965,2025-07-24,ACCOUNTS,ZAM-ZAM-TRADE-LINK,FINAL,11759.00
P000966,2025-07-24,ACCOUNTS,ZAM-ZAM-TRADE-LINK,FINAL,5875.50
P000967,2025-07-24,ACCOUNTS,SIBI-STORE,FINAL,96222.30
P000968,2025-07-24,ACCOUNTS,SUPER-TRADERS,FINAL,101468.96
P000123,2025-07-25,CGN,MIKKU--DISTRIBUTIONS,FINAL,5806.80
P000969,2025-07-26,ACCOUNTS,NANDHUS-BHARAT-GAS,FINAL,33080.00
P000970,2025-07-26,ACCOUNTS,GLORY-PACKAGE,FINAL,45087.00
P000971,2025-07-26,ACCOUNTS,SURABHI OIL INDUSTRIES 8926555566,FINAL,57500.00
P000972,2025-07-26,ACCOUNTS,FRESH-FOOD,FINAL,3825.00
P000973,2025-07-26,ACCOUNTS,COCHIN-BAKERS-AND-SPICES,FINAL,28908.72
P000974,2025-07-26,ACCOUNTS,SUPER-TRADERS,FINAL,3300.00
P000975,2025-07-26,ACCOUNTS,ZAM-ZAM-TRADE-LINK,FINAL,25544.00
P000976,2025-07-26,ACCOUNTS,HOTELIERS-CHOICE,FINAL,18891.90
P000977,2025-07-26,ACCOUNTS,HOTELIERS-CHOICE,FINAL,11981.52
P000978,2025-07-26,ACCOUNTS,HOTELIERS-CHOICE,FINAL,11800.01
P000979,2025-07-26,ACCOUNTS,SIMBION INGREDIENTS 9311730869,FINAL,6165.50
P000124,2025-07-26,CGN,KREEM FOODS (P) LTD,FINAL,540.01
P000125,2025-07-26,CGN,KREEM FOODS (P) LTD,FINAL,1620.00
P000980,2025-07-26,ACCOUNTS,MURALYA-DAIRY,FINAL,488.05
P000981,2025-07-26,ACCOUNTS,GREEN-LAND-VEGETABLES,FINAL,1333.00
P000982,2025-07-26,ACCOUNTS,SALIM FRUITS 9895683835,FINAL,317.00
P000983,2025-07-26,ACCOUNTS,MURALYA-DAIRY,FINAL,671.30
P000984,2025-07-26,ACCOUNTS,SALIM FRUITS 9895683835,FINAL,654.00
P000985,2025-07-26,ACCOUNTS,SALIM FRUITS 9895683835,FINAL,265.00
P000986,2025-07-26,ACCOUNTS,SALIM FRUITS 9895683835,FINAL,710.00
P000987,2025-07-26,ACCOUNTS,MURALYA-DAIRY,FINAL,569.08
P000988,2025-07-26,ACCOUNTS,SALIM FRUITS 9895683835,FINAL,376.00
P000989,2025-07-26,ACCOUNTS,MURALYA-DAIRY,FINAL,315.08
P000990,2025-07-26,ACCOUNTS,SALIM FRUITS 9895683835,FINAL,1494.00
P000991,2025-07-26,ACCOUNTS,JOHNY-BEEF-MERCHANT,FINAL,2880.00
P000992,2025-07-26,ACCOUNTS,MURALYA-DAIRY,FINAL,2186.25
P000993,2025-07-26,ACCOUNTS,M.H TRADERS 9895683835,FINAL,19117.00
P000994,2025-07-26,ACCOUNTS,K.ABDUL-MAJEED---KULAKADA,FINAL,7663.99
P000995,2025-07-26,ACCOUNTS,GREEN-LAND-VEGETABLES,FINAL,6673.01
P000996,2025-07-26,ACCOUNTS,GREEN-LAND-VEGETABLES,FINAL,8020.01
P000997,2025-07-26,ACCOUNTS,K.ABDUL-MAJEED---KULAKADA,FINAL,2792.99
P000998,2025-07-26,ACCOUNTS,S S HALAL CHICKEN CENTRE 9495568969,FINAL,47012.10
P000999,2025-07-26,ACCOUNTS,ELANAD MILK PRIVATE LIMITES 7593883322S,FINAL,6025.10
P001000,2025-07-26,ACCOUNTS,ELANAD MILK PRIVATE LIMITES 7593883322S,FINAL,6377.58
P000126,2025-07-26,CGN,KREEM FOODS (P) LTD,FINAL,5694.03
P001001,2025-07-26,ACCOUNTS,SALIM FRUITS 9895683835,FINAL,449.00
P001002,2025-07-26,ACCOUNTS,MURALYA-DAIRY,FINAL,488.05
P001003,2025-07-26,ACCOUNTS,SALIM FRUITS 9895683835,FINAL,1297.00
P001004,2025-07-26,ACCOUNTS,SALIM FRUITS 9895683835,FINAL,1037.00
P001005,2025-07-26,ACCOUNTS,MURALYA-DAIRY,FINAL,1006.95
P001006,2025-07-26,ACCOUNTS,SALIM FRUITS 9895683835,FINAL,1059.00
P001007,2025-07-26,ACCOUNTS,SALIM FRUITS 9895683835,FINAL,620.00
P001008,2025-07-26,ACCOUNTS,MURALYA-DAIRY,FINAL,376.17
P001009,2025-07-26,ACCOUNTS,MURALYA-DAIRY,FINAL,254.00
P001010,2025-07-26,ACCOUNTS,SALIM FRUITS 9895683835,FINAL,1455.42
P001011,2025-07-26,ACCOUNTS,MURALYA-DAIRY,FINAL,1758.67
P001012,2025-07-26,ACCOUNTS,M.H TRADERS 9895683835,FINAL,12060.00
P001013,2025-07-26,ACCOUNTS,K.ABDUL-MAJEED---KULAKADA,FINAL,3003.00
P001014,2025-07-26,ACCOUNTS,GREEN-LAND-VEGETABLES,FINAL,13420.00
P001015,2025-07-26,ACCOUNTS,A.ABDUL-SALAM,FINAL,3704.00
P001016,2025-07-26,ACCOUNTS,K.ABDUL-MAJEED---KULAKADA,FINAL,2025.99
P001017,2025-07-26,ACCOUNTS,KRISHNA COCONUT DEALER 9447989851,FINAL,14600.00
P001018,2025-07-26,ACCOUNTS,ELANAD MILK PRIVATE LIMITES 7593883322S,FINAL,7475.04
P000127,2025-07-26,CGN,KARTHIKA-AGENCIES,FINAL,1498.90
P000128,2025-07-26,CGN,RAMD-ENTERPRISES,FINAL,36601.00
P001019,2025-07-28,ACCOUNTS,M.H TRADERS 9895683835,FINAL,13228.50
P001020,2025-07-28,ACCOUNTS,GREEN-LAND-VEGETABLES,FINAL,5736.99
P001021,2025-07-28,ACCOUNTS,S S HALAL CHICKEN CENTRE 9495568969,FINAL,46004.00
P001022,2025-07-28,ACCOUNTS,SAGAR AGENCIES 9446377469,FINAL,19709.66
P001023,2025-07-28,ACCOUNTS,M.H TRADERS 9895683835,FINAL,12857.99
P001024,2025-07-28,ACCOUNTS,K.ABDUL-MAJEED---KULAKADA,FINAL,1102.00
P001025,2025-07-28,ACCOUNTS,A.ABDUL-SALAM,FINAL,3771.99
P001026,2025-07-28,ACCOUNTS,S S HALAL CHICKEN CENTRE 9495568969,FINAL,58000.00
P001027,2025-07-28,ACCOUNTS,M.H TRADERS 9895683835,FINAL,2313.00
P001028,2025-07-28,ACCOUNTS,M.H TRADERS 9895683835,FINAL,15393.03
P001029,2025-07-28,ACCOUNTS,K.ABDUL-MAJEED---KULAKADA,FINAL,1975.01
P001030,2025-07-28,ACCOUNTS,GREEN-LAND-VEGETABLES,FINAL,14842.00
P001031,2025-07-28,ACCOUNTS,ELANAD MILK PRIVATE LIMITES 7593883322S,FINAL,7109.04
P001032,2025-07-28,ACCOUNTS,ELANAD MILK PRIVATE LIMITES 7593883322S,FINAL,7416.05
P001033,2025-07-28,ACCOUNTS,SIBI-STORE,FINAL,78220.27
P001034,2025-07-28,ACCOUNTS,VALIYAVEEDANS-AGENCIES,FINAL,26654.62
P001035,2025-07-28,ACCOUNTS,ZAM-ZAM-TRADE-LINK,FINAL,4878.50
P001036,2025-07-28,ACCOUNTS,PAPERLOOM INDUSTRIES 9746914235,FINAL,5746.01
P001037,2025-07-29,ACCOUNTS,VINOD--CO,FINAL,18850.00
P001038,2025-07-29,ACCOUNTS,VINOD--CO,FINAL,7552.15
P001039,2025-07-29,ACCOUNTS,SKM EGG PRODUCTS EXPORT(INDIA) LIMITED 4242351532,FINAL,14968.80
P001040,2025-07-29,ACCOUNTS,COCHIN-BAKERS-AND-SPICES,FINAL,13074.67
P001041,2025-07-29,ACCOUNTS,BSP-PAPER-PRODUCTS,FINAL,13750.00
P001042,2025-07-29,ACCOUNTS,M.H TRADERS 9895683835,FINAL,11294.10
P001043,2025-07-29,ACCOUNTS,K.ABDUL-MAJEED---KULAKADA,FINAL,861.00
P001044,2025-07-29,ACCOUNTS,GREEN-LAND-VEGETABLES,FINAL,7542.69
P001045,2025-07-29,ACCOUNTS,A.ABDUL-SALAM,FINAL,2255.37
P001046,2025-07-29,ACCOUNTS,KRISHNA COCONUT DEALER 9447989851,FINAL,11100.00
P001047,2025-07-29,ACCOUNTS,ELANAD MILK PRIVATE LIMITES 7593883322S,FINAL,6752.58
P001048,2025-07-29,ACCOUNTS,ELANAD MILK PRIVATE LIMITES 7593883322S,FINAL,8325.58
P000129,2025-07-29,CGN,COMMERCIAL-COMBINES,FINAL,29302.27
P001049,2025-07-29,ACCOUNTS,SALIM FRUITS 9895683835,FINAL,252.00
P001050,2025-07-29,ACCOUNTS,GREEN-LAND-VEGETABLES,FINAL,390.00
P001051,2025-07-29,ACCOUNTS,JOHNY-BEEF-MERCHANT,FINAL,720.00
P001052,2025-07-29,ACCOUNTS,MURALYA-DAIRY,FINAL,457.00
P001053,2025-07-29,ACCOUNTS,SALIM FRUITS 9895683835,FINAL,366.00
P001054,2025-07-29,ACCOUNTS,SALIM FRUITS 9895683835,FINAL,390.00
P001055,2025-07-29,ACCOUNTS,MURALYA-DAIRY,FINAL,314.97
P001057,2025-07-29,ACCOUNTS,SALIM FRUITS 9895683835,FINAL,610.00
P001058,2025-07-29,ACCOUNTS,MURALYA-DAIRY,FINAL,2312.64
P001059,2025-07-29,ACCOUNTS,SALIM FRUITS 9895683835,FINAL,617.00
P001060,2025-07-29,ACCOUNTS,MURALYA-DAIRY,FINAL,487.92
P001061,2025-07-29,ACCOUNTS,SALIM FRUITS 9895683835,FINAL,500.00
P001062,2025-07-29,ACCOUNTS,SALIM FRUITS 9895683835,FINAL,1239.00
P001063,2025-07-29,ACCOUNTS,MURALYA-DAIRY,FINAL,1159.08
P001064,2025-07-29,ACCOUNTS,SALIM FRUITS 9895683835,FINAL,426.00
P001065,2025-07-29,ACCOUNTS,SALIM FRUITS 9895683835,FINAL,688.00
P001066,2025-07-29,ACCOUNTS,SALIM FRUITS 9895683835,FINAL,498.00
P001067,2025-07-29,ACCOUNTS,SALIM FRUITS 9895683835,FINAL,850.00
P001068,2025-07-29,ACCOUNTS,SALIM FRUITS 9895683835,FINAL,1449.90
P000130,2025-07-29,CGN,CHITRA-AGENCIES,FINAL,10617.25
P001069,2025-07-30,ACCOUNTS,SALIM FRUITS 9895683835,FINAL,282.00
P001070,2025-07-30,ACCOUNTS,SALIM FRUITS 9895683835,FINAL,421.00
P001071,2025-07-30,ACCOUNTS,K.ABDUL-MAJEED---KULAKADA,FINAL,13576.00
P001072,2025-07-30,ACCOUNTS,M.H TRADERS 9895683835,FINAL,14689.80
P001073,2025-07-30,ACCOUNTS,GREEN-LAND-VEGETABLES,FINAL,4213.01
P001074,2025-07-30,ACCOUNTS,GREEN-LAND-VEGETABLES,FINAL,2182.46
P001075,2025-07-30,ACCOUNTS,GREEN-LAND-VEGETABLES,FINAL,5443.99
P000131,2025-07-30,CGN,RAHIM-ENTERPRISES,FINAL,24554.97
P000132,2025-07-30,CGN,VALIYAVEEDANS-AGENCIES,FINAL,15786.37
P001076,2025-07-30,ACCOUNTS,NANDHUS-BHARAT-GAS,FINAL,56236.00
P001077,2025-07-30,ACCOUNTS,CALCUTTA TRADING CO 9447068888,FINAL,9540.00
P001078,2025-07-30,ACCOUNTS,P.K.V.-TRADERS,FINAL,6255.00
P001079,2025-07-30,ACCOUNTS,VALAVI-AGENCIES,FINAL,10163.00
P000133,2025-07-30,CGN,SNEHA-ENTERPRISES,FINAL,20533.62
P001080,2025-07-30,ACCOUNTS,NKP-TRADES-IMPEX,FINAL,103762.22
P001081,2025-07-30,ACCOUNTS,FORTUNE-COMMERCIAL-CO,FINAL,101150.10
P001082,2025-07-30,ACCOUNTS,KUTTIYILS-TRADES--AGENCIES,FINAL,8820.00
P001083,2025-07-30,ACCOUNTS,E-P-JOSEPH--COMPANY,FINAL,58669.99
P001084,2025-07-30,ACCOUNTS,SUPER-TRADERS,FINAL,116977.83
P001085,2025-07-30,ACCOUNTS,HOTELIERS-CHOICE,FINAL,8300.01
P001086,2025-07-30,ACCOUNTS,HOTELIERS-CHOICE,FINAL,2592.00
P001087,2025-07-30,ACCOUNTS,HOTELIERS-CHOICE,FINAL,13494.00
P000134,2025-07-30,CGN,A.K.M ENTERPRISES 9249773639,FINAL,19829.50
P001088,2025-07-30,ACCOUNTS,MURALYA-DAIRY,FINAL,488.25
P001089,2025-07-30,ACCOUNTS,SALIM FRUITS 9895683835,FINAL,1036.00
P001090,2025-07-30,ACCOUNTS,SALIM FRUITS 9895683835,FINAL,983.50
P001091,2025-07-30,ACCOUNTS,SALIM FRUITS 9895683835,FINAL,1647.00
P001092,2025-07-30,ACCOUNTS,MURALYA-DAIRY,FINAL,1007.75
P000135,2025-07-30,CGN,BARKATH TRADERS 8714790900,FINAL,2558.40
P001093,2025-07-31,ACCOUNTS,REGAL STORES 9495373390,FINAL,2340.00
P001094,2025-07-31,ACCOUNTS,M.H TRADERS 9895683835,FINAL,12304.02
P001095,2025-07-31,ACCOUNTS,K.ABDUL-MAJEED---KULAKADA,FINAL,998.00
P001096,2025-07-31,ACCOUNTS,GREEN-LAND-VEGETABLES,FINAL,16805.00
P001097,2025-07-31,ACCOUNTS,A.ABDUL-SALAM,FINAL,2210.00
P001098,2025-07-31,ACCOUNTS,ELANAD MILK PRIVATE LIMITES 7593883322S,FINAL,7223.10
P001099,2025-07-31,ACCOUNTS,S S HALAL CHICKEN CENTRE 9495568969,FINAL,51011.20
P001100,2025-07-31,ACCOUNTS,SALIM FRUITS 9895683835,FINAL,238.00
P001101,2025-07-31,ACCOUNTS,SALIM FRUITS 9895683835,FINAL,494.00
P001102,2025-07-31,ACCOUNTS,SALIM FRUITS 9895683835,FINAL,634.00
P001103,2025-07-31,ACCOUNTS,SALIM FRUITS 9895683835,FINAL,380.00
P001104,2025-07-31,ACCOUNTS,MURALYA-DAIRY,FINAL,671.83
P001105,2025-07-31,ACCOUNTS,SALIM FRUITS 9895683835,FINAL,528.00
P001106,2025-07-31,ACCOUNTS,SALIM FRUITS 9895683835,FINAL,670.00
P001107,2025-07-31,ACCOUNTS,SALIM FRUITS 9895683835,FINAL,637.00
P001108,2025-07-31,ACCOUNTS,SALIM FRUITS 9895683835,FINAL,747.00
P001109,2025-07-31,ACCOUNTS,MURALYA-DAIRY,FINAL,254.44
P001110,2025-07-31,ACCOUNTS,SALIM FRUITS 9895683835,FINAL,403.00
P001111,2025-07-31,ACCOUNTS,MURALYA-DAIRY,FINAL,254.00
P001112,2025-07-31,ACCOUNTS,SALIM FRUITS 9895683835,FINAL,2521.99
P001113,2025-07-31,ACCOUNTS,K R ASSOCIATES  9895683835,FINAL,50751.20
P001114,2025-07-31,ACCOUNTS,K R ASSOCIATES  9895683835,FINAL,12413.85
P001115,2025-07-31,ACCOUNTS,ABRAHAM AND SONS 8281344674,FINAL,9200.00
P000136,2025-07-31,CGN,ZAM-ZAM-TRADE-LINK,FINAL,36503.44
P000137,2025-07-31,CGN,A.S.K-ENTERPRISES,FINAL,7467.01
P001116,2025-08-01,ACCOUNTS,M.H TRADERS 9895683835,FINAL,10293.99
P001117,2025-08-01,ACCOUNTS,GREEN-LAND-VEGETABLES,FINAL,4608.00
P001118,2025-08-01,ACCOUNTS,K.ABDUL-MAJEED---KULAKADA,FINAL,3484.00
P001119,2025-08-01,ACCOUNTS,ELANAD MILK PRIVATE LIMITES 7593883322S,FINAL,8284.56
P001120,2025-08-01,ACCOUNTS,ELANAD MILK PRIVATE LIMITES 7593883322S,FINAL,6246.58
P001121,2025-08-01,ACCOUNTS,QUICK FOODS 9746597358,FINAL,1761.00
P001122,2025-08-01,ACCOUNTS,ENRICH ASSOCIATE 9895683835,FINAL,11550.00
P001123,2025-08-01,ACCOUNTS,SALIM FRUITS 9895683835,FINAL,699.00
P001124,2025-08-01,ACCOUNTS,SALIM FRUITS 9895683835,FINAL,488.05
P001125,2025-08-01,ACCOUNTS,SALIM FRUITS 9895683835,FINAL,517.00
P001126,2025-08-01,ACCOUNTS,SALIM FRUITS 9895683835,FINAL,933.00
P001128,2025-08-01,ACCOUNTS,SALIM FRUITS 9895683835,FINAL,1404.00
P001129,2025-08-01,ACCOUNTS,MURALYA-DAIRY,FINAL,1159.35
P001130,2025-08-01,ACCOUNTS,SALIM FRUITS 9895683835,FINAL,528.00
P001131,2025-08-01,ACCOUNTS,SALIM FRUITS 9895683835,FINAL,698.00
P001132,2025-08-01,ACCOUNTS,SALIM FRUITS 9895683835,FINAL,1090.00
P001133,2025-08-01,ACCOUNTS,SALIM FRUITS 9895683835,FINAL,376.17
P001134,2025-08-01,ACCOUNTS,MURALYA-DAIRY,FINAL,254.00
P001135,2025-08-01,ACCOUNTS,SALIM FRUITS 9895683835,FINAL,649.10
P000138,2025-08-01,CGN,VOLUME-SALES,FINAL,26930.38
P000139,2025-08-01,CGN,ALPHA-AGENCIES,FINAL,25767.93
P000140,2025-08-01,CGN,MIKKU--DISTRIBUTIONS,FINAL,5290.78
P000141,2025-08-01,CGN,PUNARTHAM AGENIES 9995692927,FINAL,21279.26
P001136,2025-08-02,ACCOUNTS,SALIM FRUITS 9895683835,FINAL,1573.00
P001137,2025-08-02,ACCOUNTS,SALIM FRUITS 9895683835,FINAL,1058.58
P001138,2025-08-02,ACCOUNTS,MURALYA-DAIRY,FINAL,1159.35
P001139,2025-08-02,ACCOUNTS,SALIM FRUITS 9895683835,FINAL,408.00
P001141,2025-08-02,ACCOUNTS,SALIM FRUITS 9895683835,FINAL,1309.00
P001142,2025-08-02,ACCOUNTS,SALIM FRUITS 9895683835,FINAL,677.00
P001143,2025-08-02,ACCOUNTS,MURALYA-DAIRY,FINAL,254.00
P001144,2025-08-02,ACCOUNTS,MURALYA-DAIRY,FINAL,315.08
P001145,2025-08-02,ACCOUNTS,NANDHUS-BHARAT-GAS,FINAL,51274.00
P001146,2025-08-02,ACCOUNTS,USHAS-ENTERPRISES,FINAL,33278.87
P001147,2025-08-02,ACCOUNTS,FRESH-FOOD,FINAL,3825.00
P001148,2025-08-02,ACCOUNTS,NALLA-FOODS,FINAL,27932.80
P001149,2025-08-02,ACCOUNTS,HOTELIERS-CHOICE,FINAL,14999.94
P001150,2025-08-02,ACCOUNTS,HOTELIERS-CHOICE,FINAL,479.98
P001151,2025-08-02,ACCOUNTS,PAPERLOOM INDUSTRIES 9746914235,FINAL,2681.00
P001152,2025-08-02,ACCOUNTS,SURABHI OIL INDUSTRIES 8926555566,FINAL,11040.00
P001153,2025-08-02,ACCOUNTS,GREEN-LAND-VEGETABLES,FINAL,12301.00
P001154,2025-08-02,ACCOUNTS,K.ABDUL-MAJEED---KULAKADA,FINAL,31927.00
P001155,2025-08-02,ACCOUNTS,M.H TRADERS 9895683835,FINAL,8825.64
P001156,2025-08-02,ACCOUNTS,KRISHNA COCONUT DEALER 9447989851,FINAL,10800.00
P001157,2025-08-02,ACCOUNTS,SAGAR AGENCIES 9446377469,FINAL,18048.89
P000142,2025-08-02,CGN,VALIYAVEEDANS-AGENCIES,FINAL,19890.58
P000143,2025-08-02,CGN,VALIYAVEEDANS-AGENCIES,FINAL,27126.52
P000144,2025-08-02,CGN,SREE-SIVA-AGENCIES,FINAL,24906.73
P001158,2025-08-04,ACCOUNTS,VELLATHARAYIL GREEN BIO COMPOSTABLES,FINAL,26875.00
P001159,2025-08-04,ACCOUNTS,COCHIN-BAKERS-AND-SPICES,FINAL,40899.85
P001160,2025-08-04,ACCOUNTS,ENRICH ASSOCIATE 9895683835,FINAL,7350.00
P001161,2025-08-04,ACCOUNTS,SIBI-STORE,FINAL,81629.28
P001162,2025-08-04,ACCOUNTS,VALIYAVEEDANS-AGENCIES,FINAL,45040.50
P001163,2025-08-04,ACCOUNTS,URBAN-STANISLAUS-AND-COMPANY,FINAL,50872.50
P001164,2025-08-04,ACCOUNTS,SUNRISE HAIWA 9946315232,FINAL,29400.00
P001165,2025-08-04,ACCOUNTS,Q BAGS PVT LTD,FINAL,15938.28
P001166,2025-08-04,ACCOUNTS,SIBI-STORE,FINAL,100080.20
P001167,2025-08-04,ACCOUNTS,MITHRA-TRADERS,FINAL,38498.00
P001168,2025-08-04,ACCOUNTS,ENRICH ASSOCIATE 9895683835,FINAL,4410.00
P000145,2025-08-04,CGN,REEMS SODA PRODUCTS 9947520504,FINAL,4440.00
P001169,2025-08-04,ACCOUNTS,MURALYA-DAIRY,FINAL,488.05
P001170,2025-08-04,ACCOUNTS,SALIM FRUITS 9895683835,FINAL,699.00
P001171,2025-08-04,ACCOUNTS,MURALYA-DAIRY,FINAL,152.40
P001172,2025-08-04,ACCOUNTS,SALIM FRUITS 9895683835,FINAL,276.00
P001173,2025-08-04,ACCOUNTS,SALIM FRUITS 9895683835,FINAL,721.00
P001174,2025-08-04,ACCOUNTS,MURALYA-DAIRY,FINAL,855.00
P001175,2025-08-04,ACCOUNTS,SALIM FRUITS 9895683835,FINAL,1086.00
P001176,2025-08-04,ACCOUNTS,SALIM FRUITS 9895683835,FINAL,1297.00
P001177,2025-08-04,ACCOUNTS,SALIM FRUITS 9895683835,FINAL,652.00
P001178,2025-08-04,ACCOUNTS,MURALYA-DAIRY,FINAL,183.33
P001179,2025-08-04,ACCOUNTS,SALIM FRUITS 9895683835,FINAL,468.00
P001180,2025-08-04,ACCOUNTS,GREEN-LAND-VEGETABLES,FINAL,610.71
P001181,2025-08-04,ACCOUNTS,SALIM FRUITS 9895683835,FINAL,840.00
P000146,2025-08-04,CGN,ZAM-ZAM-TRADE-LINK,FINAL,6606.00
P001182,2025-08-04,ACCOUNTS,JOHNY-BEEF-MERCHANT,FINAL,720.00
P001183,2025-08-04,ACCOUNTS,SALIM FRUITS 9895683835,FINAL,1250.00
P001184,2025-08-04,ACCOUNTS,MURALYA-DAIRY,FINAL,1007.50
P001185,2025-08-04,ACCOUNTS,SALIM FRUITS 9895683835,FINAL,476.19
P001186,2025-08-04,ACCOUNTS,SALIM FRUITS 9895683835,FINAL,927.00
P001187,2025-08-04,ACCOUNTS,SALIM FRUITS 9895683835,FINAL,1109.00
P001188,2025-08-04,ACCOUNTS,MURALYA-DAIRY,FINAL,315.28
P001189,2025-08-04,ACCOUNTS,MURALYA-DAIRY,FINAL,2131.25
P001190,2025-08-04,ACCOUNTS,K.ABDUL-MAJEED---KULAKADA,FINAL,600.00
P001191,2025-08-04,ACCOUNTS,GREEN-LAND-VEGETABLES,FINAL,6374.99
P001192,2025-08-04,ACCOUNTS,A.ABDUL-SALAM,FINAL,2077.17
P001193,2025-08-04,ACCOUNTS,A.ABDUL-SALAM,FINAL,2370.00
P001194,2025-08-04,ACCOUNTS,ELANAD MILK PRIVATE LIMITES 7593883322S,FINAL,6652.02
P001195,2025-08-04,ACCOUNTS,ELANAD MILK PRIVATE LIMITES 7593883322S,FINAL,7456.58
P001196,2025-08-04,ACCOUNTS,ABRAHAM AND SONS 8281344674,FINAL,9400.00
P001197,2025-08-06,ACCOUNTS,MURALYA-DAIRY,FINAL,488.33
P001198,2025-08-06,ACCOUNTS,SALIM FRUITS 9895683835,FINAL,1257.00
P001199,2025-08-06,ACCOUNTS,MURALYA-DAIRY,FINAL,1007.50
P001200,2025-08-06,ACCOUNTS,SALIM FRUITS 9895683835,FINAL,874.00
P001201,2025-08-06,ACCOUNTS,SALIM FRUITS 9895683835,FINAL,562.00
P001202,2025-08-06,ACCOUNTS,SALIM FRUITS 9895683835,FINAL,420.00
P001203,2025-08-06,ACCOUNTS,M.H TRADERS 9895683835,FINAL,8205.00
P001204,2025-08-06,ACCOUNTS,M.H TRADERS 9895683835,FINAL,7293.00
P001205,2025-08-06,ACCOUNTS,GREEN-LAND-VEGETABLES,FINAL,4747.99
P001206,2025-08-06,ACCOUNTS,A.ABDUL-SALAM,FINAL,4080.99
P001207,2025-08-06,ACCOUNTS,MURALYA-DAIRY,FINAL,488.00
P001208,2025-08-06,ACCOUNTS,MURALYA-DAIRY,FINAL,152.50
P001209,2025-08-06,ACCOUNTS,SALIM FRUITS 9895683835,FINAL,1328.00
P001210,2025-08-06,ACCOUNTS,MURALYA-DAIRY,FINAL,152.50
P001211,2025-08-06,ACCOUNTS,SALIM FRUITS 9895683835,FINAL,416.00
P001212,2025-08-06,ACCOUNTS,MURALYA-DAIRY,FINAL,457.00
P001213,2025-08-06,ACCOUNTS,SALIM FRUITS 9895683835,FINAL,460.00
P001214,2025-08-06,ACCOUNTS,SALIM FRUITS 9895683835,FINAL,836.00
P001215,2025-08-06,ACCOUNTS,MURALYA-DAIRY,FINAL,314.89
P001216,2025-08-06,ACCOUNTS,SALIM FRUITS 9895683835,FINAL,576.00
P001217,2025-08-06,ACCOUNTS,M.H TRADERS 9895683835,FINAL,6432.00
P001218,2025-08-06,ACCOUNTS,K.ABDUL-MAJEED---KULAKADA,FINAL,12344.00
P001219,2025-08-06,ACCOUNTS,A.ABDUL-SALAM,FINAL,2700.00
P001220,2025-08-06,ACCOUNTS,A.ABDUL-SALAM,FINAL,10660.00
P001221,2025-08-06,ACCOUNTS,GREEN-LAND-VEGETABLES,FINAL,14675.00
P000147,2025-08-06,CGN,SNEHA-ENTERPRISES,FINAL,25077.38
P001222,2025-08-06,ACCOUNTS,NANDHUS-BHARAT-GAS,FINAL,64800.00
P001223,2025-08-06,ACCOUNTS,MAMVILAYIL-MEDINEEDS,FINAL,6884.50
P001224,2025-08-06,ACCOUNTS,COCHIN-BAKERS-AND-SPICES,FINAL,1010.02
P001225,2025-08-06,ACCOUNTS,K R ASSOCIATES  9895683835,FINAL,59782.80
P001226,2025-08-06,ACCOUNTS,SURABHI OIL INDUSTRIES 8926555566,FINAL,57500.00
P001227,2025-08-06,ACCOUNTS,HOTELIERS-CHOICE,FINAL,14497.97
P001228,2025-08-06,ACCOUNTS,HOTELIERS-CHOICE,FINAL,8443.72
P000148,2025-08-06,CGN,V VENTURES 9074682810,FINAL,30969.00
P000149,2025-08-06,CGN,V VENTURES 9074682810,FINAL,31248.00
P000150,2025-08-07,CGN,KREEM FOODS (P) LTD,FINAL,13527.21
P000151,2025-08-07,CGN,COMMERCIAL-COMBINES,FINAL,31568.14
P001229,2025-08-07,ACCOUNTS,SALIM FRUITS 9895683835,FINAL,316.00
P001230,2025-08-07,ACCOUNTS,MURALYA-DAIRY,FINAL,305.00
P001231,2025-08-07,ACCOUNTS,SALIM FRUITS 9895683835,FINAL,785.00
P001232,2025-08-07,ACCOUNTS,SALIM FRUITS 9895683835,FINAL,678.00
P001233,2025-08-07,ACCOUNTS,SALIM FRUITS 9895683835,FINAL,1329.00
P001234,2025-08-07,ACCOUNTS,MURALYA-DAIRY,FINAL,1160.00
P001235,2025-08-07,ACCOUNTS,SALIM FRUITS 9895683835,FINAL,1178.00
P001236,2025-08-07,ACCOUNTS,SALIM FRUITS 9895683835,FINAL,1159.00
P001237,2025-08-07,ACCOUNTS,SALIM FRUITS 9895683835,FINAL,368.00
P001238,2025-08-07,ACCOUNTS,MURALYA-DAIRY,FINAL,254.00
P001239,2025-08-07,ACCOUNTS,MURALYA-DAIRY,FINAL,254.00
P001240,2025-08-07,ACCOUNTS,SALIM FRUITS 9895683835,FINAL,1700.00
P001241,2025-08-07,ACCOUNTS,MURALYA-DAIRY,FINAL,1815.22
P001242,2025-08-07,ACCOUNTS,M.H TRADERS 9895683835,FINAL,5610.00
P001243,2025-08-07,ACCOUNTS,K.ABDUL-MAJEED---KULAKADA,FINAL,9275.00
P001244,2025-08-07,ACCOUNTS,GREEN-LAND-VEGETABLES,FINAL,6574.02
P001245,2025-08-07,ACCOUNTS,A.ABDUL-SALAM,FINAL,2250.00
P001246,2025-08-07,ACCOUNTS,SAGAR AGENCIES 9446377469,FINAL,2544.20
P000152,2025-08-07,CGN,ZAM-ZAM-TRADE-LINK,FINAL,33240.83
P000153,2025-08-08,CGN,GREENZ,FINAL,23990.40
P001247,2025-08-08,ACCOUNTS,SALIM FRUITS 9895683835,FINAL,358.00
P001248,2025-08-08,ACCOUNTS,SALIM FRUITS 9895683835,FINAL,489.00
P001249,2025-08-08,ACCOUNTS,MURALYA-DAIRY,FINAL,366.00
P001250,2025-08-08,ACCOUNTS,SALIM FRUITS 9895683835,FINAL,417.00
P001251,2025-08-08,ACCOUNTS,SALIM FRUITS 9895683835,FINAL,497.00
P001252,2025-08-08,ACCOUNTS,SALIM FRUITS 9895683835,FINAL,651.00
P001253,2025-08-08,ACCOUNTS,SALIM FRUITS 9895683835,FINAL,1102.50
P001254,2025-08-08,ACCOUNTS,MURALYA-DAIRY,FINAL,376.00
P001255,2025-08-08,ACCOUNTS,SALIM FRUITS 9895683835,FINAL,254.00
P001256,2025-08-08,ACCOUNTS,SALIM FRUITS 9895683835,FINAL,1379.00
P001257,2025-08-08,ACCOUNTS,JOHNY-BEEF-MERCHANT,FINAL,1080.00
P001258,2025-08-08,ACCOUNTS,MURALYA-DAIRY,FINAL,1991.80
P001259,2025-08-08,ACCOUNTS,K.ABDUL-MAJEED---KULAKADA,FINAL,8659.00
P001260,2025-08-08,ACCOUNTS,K.ABDUL-MAJEED---KULAKADA,FINAL,540.00
P001261,2025-08-08,ACCOUNTS,M.H TRADERS 9895683835,FINAL,8956.00
P001262,2025-08-08,ACCOUNTS,GREEN-LAND-VEGETABLES,FINAL,12782.00
P001263,2025-08-08,ACCOUNTS,A.ABDUL-SALAM,FINAL,3635.01
P001264,2025-08-08,ACCOUNTS,A.ABDUL-SALAM,FINAL,2281.00
P001265,2025-08-08,ACCOUNTS,KRISHNA COCONUT DEALER 9447989851,FINAL,14400.00
P001266,2025-08-09,ACCOUNTS,NANDHUS-BHARAT-GAS,FINAL,51840.00
P001267,2025-08-09,ACCOUNTS,STALLION-SYSTEMS--SOLUTIONS-PVT.-LTD.,FINAL,4012.00
P001268,2025-08-09,ACCOUNTS,HOTELIERS-CHOICE,FINAL,6813.75
P001269,2025-08-09,ACCOUNTS,HOTELIERS-CHOICE,FINAL,13494.00
P001270,2025-08-09,ACCOUNTS,HOTELIERS-CHOICE,FINAL,10999.97
P001271,2025-08-09,ACCOUNTS,FRESH-FOOD,FINAL,3825.00
P001272,2025-08-09,ACCOUNTS,NALLA-FOODS,FINAL,4872.00
P001273,2025-08-09,ACCOUNTS,USHAS-ENTERPRISES,FINAL,50077.78
P001274,2025-08-09,ACCOUNTS,COCHIN-BAKERS-AND-SPICES,FINAL,29065.60
P001275,2025-08-09,ACCOUNTS,SALIM FRUITS 9895683835,FINAL,849.00
P001276,2025-08-09,ACCOUNTS,SALIM FRUITS 9895683835,FINAL,288.00
P001277,2025-08-09,ACCOUNTS,GREEN-LAND-VEGETABLES,FINAL,505.00
P001278,2025-08-09,ACCOUNTS,SALIM FRUITS 9895683835,FINAL,1688.00
P001279,2025-08-09,ACCOUNTS,SALIM FRUITS 9895683835,FINAL,305.00
P001280,2025-08-09,ACCOUNTS,SALIM FRUITS 9895683835,FINAL,1375.00
P001281,2025-08-09,ACCOUNTS,MURALYA-DAIRY,FINAL,1007.20
P001282,2025-08-09,ACCOUNTS,MURALYA-DAIRY,FINAL,254.00
P001283,2025-08-09,ACCOUNTS,SALIM FRUITS 9895683835,FINAL,837.94
P001284,2025-08-09,ACCOUNTS,MURALYA-DAIRY,FINAL,254.00
P001285,2025-08-09,ACCOUNTS,SALIM FRUITS 9895683835,FINAL,257.00
P001286,2025-08-09,ACCOUNTS,SALIM FRUITS 9895683835,FINAL,1432.00
P001287,2025-08-09,ACCOUNTS,MURALYA-DAIRY,FINAL,2252.56
P001288,2025-08-09,ACCOUNTS,M.H TRADERS 9895683835,FINAL,17864.90
P001289,2025-08-09,ACCOUNTS,GREEN-LAND-VEGETABLES,FINAL,5115.99
P001290,2025-08-09,ACCOUNTS,ELANAD MILK PRIVATE LIMITES 7593883322S,FINAL,7626.10
P001291,2025-08-09,ACCOUNTS,ELANAD MILK PRIVATE LIMITES 7593883322S,FINAL,7581.10
P001292,2025-08-09,ACCOUNTS,ELANAD MILK PRIVATE LIMITES 7593883322S,FINAL,8253.63
P001293,2025-08-09,ACCOUNTS,ELANAD MILK PRIVATE LIMITES 7593883322S,FINAL,7219.05
P001294,2025-08-09,ACCOUNTS,VALIYAVEEDANS-AGENCIES,FINAL,46487.51
P001295,2025-08-09,ACCOUNTS,A.K-ENTERPRISES,FINAL,33600.00
P001296,2025-08-09,ACCOUNTS,VINOD--CO,FINAL,6352.00
P001297,2025-08-09,ACCOUNTS,VINOD--CO,FINAL,19855.00
P001298,2025-08-09,ACCOUNTS,SKM EGG PRODUCTS EXPORT(INDIA) LIMITED 4242351532,FINAL,16331.70
P001299,2025-08-09,ACCOUNTS,SUPER-TRADERS,FINAL,182805.00
P001300,2025-08-09,ACCOUNTS,SHREE-MAHAVEER-TRADERS,FINAL,15900.00
P001301,2025-08-09,ACCOUNTS,VINOD--CO,FINAL,6600.00
P001302,2025-08-09,ACCOUNTS,CALCUTTA TRADING CO 9447068888,FINAL,9480.00
P001303,2025-08-09,ACCOUNTS,VALAVI-AGENCIES,FINAL,12058.10
P001304,2025-08-09,ACCOUNTS,E-P-JOSEPH--COMPANY,FINAL,75500.00
P000154,2025-08-09,CGN,SACHINA-AGENCIES,FINAL,18604.90
P001305,2025-08-09,ACCOUNTS,P.M.TRADING-COMPANY,FINAL,42000.00
P001306,2025-08-09,ACCOUNTS,NKP-TRADES-IMPEX,FINAL,108015.97
P001307,2025-08-09,ACCOUNTS,FORTUNE-COMMERCIAL-CO,FINAL,129500.10
P001308,2025-08-09,ACCOUNTS,P.K.V.-TRADERS,FINAL,17780.00
P001309,2025-08-09,ACCOUNTS,SIBI-STORE,FINAL,109480.93
P001310,2025-08-09,ACCOUNTS,COCHIN-BAKERS-AND-SPICES,FINAL,36394.00
P000155,2025-08-09,CGN,SREE-SIVA-AGENCIES,FINAL,23605.93
P001311,2025-08-11,ACCOUNTS,MALLIGHA-ASAFOETIDA-COMPANY,FINAL,13193.25
P001312,2025-08-11,ACCOUNTS,SIBI-STORE,FINAL,91903.50
P001313,2025-08-11,ACCOUNTS,M.H TRADERS 9895683835,FINAL,12809.90
P001314,2025-08-11,ACCOUNTS,K.ABDUL-MAJEED---KULAKADA,FINAL,3984.00
P001315,2025-08-11,ACCOUNTS,GREEN-LAND-VEGETABLES,FINAL,4784.01
P001316,2025-08-11,ACCOUNTS,ELANAD MILK PRIVATE LIMITES 7593883322S,FINAL,9298.06
P001317,2025-08-11,ACCOUNTS,ELANAD MILK PRIVATE LIMITES 7593883322S,FINAL,6405.05
P001318,2025-08-11,ACCOUNTS,ELANAD MILK PRIVATE LIMITES 7593883322S,FINAL,8601.58
P001320,2025-08-11,ACCOUNTS,M.H TRADERS 9895683835,FINAL,11986.00
P001321,2025-08-11,ACCOUNTS,K.ABDUL-MAJEED---KULAKADA,FINAL,836.00
P001322,2025-08-11,ACCOUNTS,GREEN-LAND-VEGETABLES,FINAL,6445.99
P001323,2025-08-11,ACCOUNTS,GREEN-LAND-VEGETABLES,FINAL,2063.00
P001324,2025-08-11,ACCOUNTS,S S HALAL CHICKEN CENTRE 9495568969,FINAL,37008.00
P001325,2025-08-11,ACCOUNTS,ELANAD MILK PRIVATE LIMITES 7593883322S,FINAL,4936.58
P001326,2025-08-11,ACCOUNTS,ELANAD MILK PRIVATE LIMITES 7593883322S,FINAL,3869.00
P001327,2025-08-11,ACCOUNTS,SALIM FRUITS 9895683835,FINAL,385.00
P001328,2025-08-11,ACCOUNTS,MURALYA-DAIRY,FINAL,488.13
P001329,2025-08-11,ACCOUNTS,SALIM FRUITS 9895683835,FINAL,1197.00
P001330,2025-08-11,ACCOUNTS,SALIM FRUITS 9895683835,FINAL,1385.00
P001331,2025-08-11,ACCOUNTS,MURALYA-DAIRY,FINAL,1159.60
P001332,2025-08-11,ACCOUNTS,SALIM FRUITS 9895683835,FINAL,699.00
P001333,2025-08-11,ACCOUNTS,SALIM FRUITS 9895683835,FINAL,1365.00
P001334,2025-08-11,ACCOUNTS,MURALYA-DAIRY,FINAL,254.00
P001335,2025-08-11,ACCOUNTS,SALIM FRUITS 9895683835,FINAL,555.00
P001336,2025-08-11,ACCOUNTS,MURALYA-DAIRY,FINAL,254.00
P001337,2025-08-11,ACCOUNTS,SALIM FRUITS 9895683835,FINAL,1630.00
P001338,2025-08-11,ACCOUNTS,M.H TRADERS 9895683835,FINAL,6222.00
P001339,2025-08-11,ACCOUNTS,K.ABDUL-MAJEED---KULAKADA,FINAL,16649.00
P001340,2025-08-11,ACCOUNTS,GREEN-LAND-VEGETABLES,FINAL,15554.00
P001341,2025-08-11,ACCOUNTS,GREEN-LAND-VEGETABLES,FINAL,1947.00
P000156,2025-08-11,CGN,K.V.J.-ENTERPRISES,FINAL,33732.77
P001342,2025-08-12,ACCOUNTS,GREEN-LAND-VEGETABLES,FINAL,3364.00
P001343,2025-08-12,ACCOUNTS,M.H TRADERS 9895683835,FINAL,18725.00
P001344,2025-08-12,ACCOUNTS,K.ABDUL-MAJEED---KULAKADA,FINAL,4400.00
P001345,2025-08-12,ACCOUNTS,GREEN-LAND-VEGETABLES,FINAL,21709.90
P001346,2025-08-12,ACCOUNTS,KRISHNA COCONUT DEALER 9447989851,FINAL,9900.00
P001347,2025-08-12,ACCOUNTS,ELANAD MILK PRIVATE LIMITES 7593883322S,FINAL,9128.58
P001348,2025-08-12,ACCOUNTS,VINOD--CO,FINAL,20370.00
P001349,2025-08-12,ACCOUNTS,VINOD--CO,FINAL,13760.00
P001350,2025-08-12,ACCOUNTS,ZAM-ZAM-TRADE-LINK,FINAL,4896.00
P001351,2025-08-12,ACCOUNTS,VALIYAVEEDANS-AGENCIES,FINAL,40937.51
P001352,2025-08-12,ACCOUNTS,COCHIN-BAKERS-AND-SPICES,FINAL,23879.61
P001353,2025-08-12,ACCOUNTS,SALIM FRUITS 9895683835,FINAL,447.00
P001354,2025-08-12,ACCOUNTS,MURALYA-DAIRY,FINAL,488.13
P001355,2025-08-12,ACCOUNTS,SALIM FRUITS 9895683835,FINAL,577.00
P001356,2025-08-12,ACCOUNTS,SALIM FRUITS 9895683835,FINAL,1504.00
P001357,2025-08-12,ACCOUNTS,SALIM FRUITS 9895683835,FINAL,1572.00
P001358,2025-08-12,ACCOUNTS,MURALYA-DAIRY,FINAL,1007.20
P001359,2025-08-12,ACCOUNTS,SALIM FRUITS 9895683835,FINAL,465.00
P001360,2025-08-12,ACCOUNTS,SALIM FRUITS 9895683835,FINAL,697.00
P001361,2025-08-12,ACCOUNTS,SALIM FRUITS 9895683835,FINAL,370.00
P001362,2025-08-12,ACCOUNTS,MURALYA-DAIRY,FINAL,254.00
P001363,2025-08-12,ACCOUNTS,SALIM FRUITS 9895683835,FINAL,290.00
P001364,2025-08-12,ACCOUNTS,SALIM FRUITS 9895683835,FINAL,2112.00
P001365,2025-08-12,ACCOUNTS,MURALYA-DAIRY,FINAL,2257.33
P001366,2025-08-12,ACCOUNTS,SALIM FRUITS 9895683835,FINAL,660.00
P001367,2025-08-12,ACCOUNTS,SALIM FRUITS 9895683835,FINAL,644.00
P001368,2025-08-12,ACCOUNTS,GREEN-LAND-VEGETABLES,FINAL,580.00
P001369,2025-08-12,ACCOUNTS,SALIM FRUITS 9895683835,FINAL,1098.00
P001370,2025-08-12,ACCOUNTS,SALIM FRUITS 9895683835,FINAL,1248.00
P001371,2025-08-12,ACCOUNTS,MURALYA-DAIRY,FINAL,519.07
P001372,2025-08-12,ACCOUNTS,SALIM FRUITS 9895683835,FINAL,1222.00
P001373,2025-08-12,ACCOUNTS,SALIM FRUITS 9895683835,FINAL,849.00
P001374,2025-08-12,ACCOUNTS,MURALYA-DAIRY,FINAL,376.22
P001375,2025-08-12,ACCOUNTS,SALIM FRUITS 9895683835,FINAL,710.00
P001376,2025-08-12,ACCOUNTS,SALIM FRUITS 9895683835,FINAL,205.00
P001377,2025-08-12,ACCOUNTS,SALIM FRUITS 9895683835,FINAL,2404.99
P000157,2025-08-12,CGN,VALIYAVEEDANS-AGENCIES,FINAL,8209.78
P000158,2025-08-12,CGN,CHITRA-AGENCIES,FINAL,16996.86
P001378,2025-08-13,ACCOUNTS,SHREE-MAHAVEER-TRADERS,FINAL,11925.00
P001379,2025-08-13,ACCOUNTS,CALCUTTA TRADING CO 9447068888,FINAL,6360.00
P001380,2025-08-13,ACCOUNTS,E-P-JOSEPH--COMPANY,FINAL,83329.98
P001381,2025-08-13,ACCOUNTS,VALAVI-AGENCIES,FINAL,13628.20
P001382,2025-08-13,ACCOUNTS,FORTUNE-COMMERCIAL-CO,FINAL,151500.20
P001383,2025-08-13,ACCOUNTS,KUTTIYILS-TRADES--AGENCIES,FINAL,8820.00
P001384,2025-08-13,ACCOUNTS,NKP-TRADES-IMPEX,FINAL,152775.97
P001385,2025-08-13,ACCOUNTS,M.H TRADERS 9895683835,FINAL,12874.00
P001386,2025-08-13,ACCOUNTS,K.ABDUL-MAJEED---KULAKADA,FINAL,894.00
P001387,2025-08-13,ACCOUNTS,GREEN-LAND-VEGETABLES,FINAL,4688.99
P001388,2025-08-13,ACCOUNTS,A.ABDUL-SALAM,FINAL,1960.85
P001389,2025-08-13,ACCOUNTS,S S HALAL CHICKEN CENTRE 9495568969,FINAL,28000.00
P001390,2025-08-13,ACCOUNTS,ELANAD MILK PRIVATE LIMITES 7593883322S,FINAL,7118.10
P001391,2025-08-13,ACCOUNTS,NANDHUS-BHARAT-GAS,FINAL,59940.00
P001392,2025-08-13,ACCOUNTS,SKM EGG PRODUCTS EXPORT(INDIA) LIMITED 4242351532,FINAL,18018.00
P001393,2025-08-13,ACCOUNTS,K R ASSOCIATES  9895683835,FINAL,51875.80
P001394,2025-08-13,ACCOUNTS,HOTELIERS-CHOICE,FINAL,19299.98
P001395,2025-08-13,ACCOUNTS,HOTELIERS-CHOICE,FINAL,16193.00
P001396,2025-08-13,ACCOUNTS,SUPER-TRADERS,FINAL,120251.68
P001397,2025-08-13,ACCOUNTS,313 STAR TRADE LINK,FINAL,16170.00
P001398,2025-08-13,ACCOUNTS,313 STAR TRADE LINK,FINAL,32346.00
P000159,2025-08-13,CGN,VALIYAVEEDANS-AGENCIES,FINAL,12397.11
P000160,2025-08-13,CGN,VALIYAVEEDANS-AGENCIES,FINAL,18790.18
P000161,2025-08-13,CGN,KREEM FOODS (P) LTD,FINAL,7387.50
P000162,2025-08-13,CGN,SNEHA-ENTERPRISES,FINAL,2942.51
P000163,2025-08-13,CGN,SNEHA-ENTERPRISES,FINAL,12641.69
P000164,2025-08-13,CGN,SNEHA-ENTERPRISES,FINAL,6593.18
P000165,2025-08-13,CGN,SNEHA-ENTERPRISES,FINAL,9163.00
P000166,2025-08-13,CGN,A.K.M ENTERPRISES 9249773639,FINAL,17289.03
P001399,2025-08-14,ACCOUNTS,M.H TRADERS 9895683835,FINAL,12588.10
P001400,2025-08-14,ACCOUNTS,K.ABDUL-MAJEED---KULAKADA,FINAL,710.00
P001401,2025-08-14,ACCOUNTS,GREEN-LAND-VEGETABLES,FINAL,5245.00
P001402,2025-08-14,ACCOUNTS,A.ABDUL-SALAM,FINAL,3336.01
P001404,2025-08-14,ACCOUNTS,ARUNODAYA-PACKAGINGS,FINAL,9062.01
P001405,2025-08-14,ACCOUNTS,SIBI-STORE,FINAL,111573.15
P000167,2025-08-14,CGN,COMMERCIAL-COMBINES,FINAL,51464.47
P000168,2025-08-14,CGN,MOOLAYIL TRADE LINKS,FINAL,16881.90
P001406,2025-08-14,ACCOUNTS,SALIM FRUITS 9895683835,FINAL,555.00
P001407,2025-08-14,ACCOUNTS,SALIM FRUITS 9895683835,FINAL,660.00
P001408,2025-08-14,ACCOUNTS,MURALYA-DAIRY,FINAL,1159.60
P001409,2025-08-14,ACCOUNTS,SALIM FRUITS 9895683835,FINAL,1054.00
P001410,2025-08-14,ACCOUNTS,SALIM FRUITS 9895683835,FINAL,861.00
P001411,2025-08-14,ACCOUNTS,SALIM FRUITS 9895683835,FINAL,1115.00
P001412,2025-08-14,ACCOUNTS,MURALYA-DAIRY,FINAL,630.22
P001413,2025-08-14,ACCOUNTS,SALIM FRUITS 9895683835,FINAL,2170.00
P001414,2025-08-14,ACCOUNTS,MURALYA-DAIRY,FINAL,488.13
P001415,2025-08-14,ACCOUNTS,SALIM FRUITS 9895683835,FINAL,460.00
P001416,2025-08-14,ACCOUNTS,GREEN-LAND-VEGETABLES,FINAL,375.00
P001417,2025-08-14,ACCOUNTS,SALIM FRUITS 9895683835,FINAL,568.00
P001418,2025-08-14,ACCOUNTS,SALIM FRUITS 9895683835,FINAL,1939.00
P001419,2025-08-14,ACCOUNTS,MURALYA-DAIRY,FINAL,823.87
P001420,2025-08-14,ACCOUNTS,SALIM FRUITS 9895683835,FINAL,565.00
P001421,2025-08-14,ACCOUNTS,SALIM FRUITS 9895683835,FINAL,1270.00
P001422,2025-08-14,ACCOUNTS,MURALYA-DAIRY,FINAL,254.00
P001423,2025-08-14,ACCOUNTS,MURALYA-DAIRY,FINAL,254.00
P001424,2025-08-14,ACCOUNTS,SALIM FRUITS 9895683835,FINAL,304.00
P001425,2025-08-14,ACCOUNTS,SALIM FRUITS 9895683835,FINAL,1945.01
P001426,2025-08-14,ACCOUNTS,R S IMPORTS,FINAL,10936.00
P001427,2025-08-14,ACCOUNTS,ABRAHAM AND SONS 8281344674,FINAL,9200.00
P001428,2025-08-15,ACCOUNTS,M.H TRADERS 9895683835,FINAL,8859.00
P001429,2025-08-15,ACCOUNTS,GREEN-LAND-VEGETABLES,FINAL,14985.00
P001430,2025-08-15,ACCOUNTS,KRISHNA COCONUT DEALER 9447989851,FINAL,9900.00
P001431,2025-08-15,ACCOUNTS,A.ABDUL-SALAM,FINAL,2372.00
P001432,2025-08-15,ACCOUNTS,S S HALAL CHICKEN CENTRE 9495568969,FINAL,31005.00
P001433,2025-08-15,ACCOUNTS,ELANAD MILK PRIVATE LIMITES 7593883322S,FINAL,6842.58
P001434,2025-08-15,ACCOUNTS,SURABHI OIL INDUSTRIES 8926555566,FINAL,51251.00
P001435,2025-08-15,ACCOUNTS,NALLA-FOODS,FINAL,20949.60
P001436,2025-08-15,ACCOUNTS,A.S.K-ENTERPRISES,FINAL,16800.00
P001437,2025-08-15,ACCOUNTS,USHAS-ENTERPRISES,FINAL,15265.59
P001438,2025-08-15,ACCOUNTS,313 STAR TRADE LINK,FINAL,11095.20
P001439,2025-08-15,ACCOUNTS,SALIM FRUITS 9895683835,FINAL,247.00
P001440,2025-08-15,ACCOUNTS,SALIM FRUITS 9895683835,FINAL,642.00
P001441,2025-08-15,ACCOUNTS,SALIM FRUITS 9895683835,FINAL,530.00
P001442,2025-08-15,ACCOUNTS,JOHNY-BEEF-MERCHANT,FINAL,720.00
P001443,2025-08-15,ACCOUNTS,SALIM FRUITS 9895683835,FINAL,1563.00
P001444,2025-08-15,ACCOUNTS,MURALYA-DAIRY,FINAL,457.00
P001446,2025-08-15,ACCOUNTS,SALIM FRUITS 9895683835,FINAL,650.00
P001447,2025-08-15,ACCOUNTS,SALIM FRUITS 9895683835,FINAL,1407.00
P001448,2025-08-15,ACCOUNTS,SALIM FRUITS 9895683835,FINAL,749.00
P001449,2025-08-15,ACCOUNTS,SALIM FRUITS 9895683835,FINAL,669.00
P001450,2025-08-15,ACCOUNTS,SALIM FRUITS 9895683835,FINAL,1547.00
P001451,2025-08-15,ACCOUNTS,MURALYA-DAIRY,FINAL,2002.77
P001452,2025-08-15,ACCOUNTS,MURALYA-DAIRY,FINAL,4644.43
P000169,2025-08-15,CGN,MIKKU--DISTRIBUTIONS,FINAL,10381.60
P000170,2025-08-15,CGN,LEKSHMI-AGENCIES,FINAL,9224.76
P000171,2025-08-15,CGN,TRAVANCORE-MARKETING-SYNDICATE,FINAL,6875.00
P000172,2025-08-16,CGN,KREEM FOODS (P) LTD,FINAL,4484.98
P000173,2025-08-16,CGN,KREEM FOODS (P) LTD,FINAL,6113.62
P001453,2025-08-16,ACCOUNTS,M.H TRADERS 9895683835,FINAL,8585.00
P001454,2025-08-16,ACCOUNTS,K.ABDUL-MAJEED---KULAKADA,FINAL,22186.00
P001455,2025-08-16,ACCOUNTS,K.ABDUL-MAJEED---KULAKADA,FINAL,2180.00
P001456,2025-08-16,ACCOUNTS,GREEN-LAND-VEGETABLES,FINAL,5301.00
P001457,2025-08-16,ACCOUNTS,A.ABDUL-SALAM,FINAL,1875.00
P001458,2025-08-16,ACCOUNTS,ELANAD MILK PRIVATE LIMITES 7593883322S,FINAL,8523.58
P001459,2025-08-16,ACCOUNTS,ELANAD MILK PRIVATE LIMITES 7593883322S,FINAL,8368.58
P001460,2025-08-16,ACCOUNTS,VINOD--CO,FINAL,35050.00
P001461,2025-08-16,ACCOUNTS,VINOD--CO,FINAL,12905.00
P001463,2025-08-16,ACCOUNTS,NANDHUS-BHARAT-GAS,FINAL,48600.00
P001464,2025-08-16,ACCOUNTS,COCHIN-BAKERS-AND-SPICES,FINAL,21863.29
P001465,2025-08-16,ACCOUNTS,Q BAGS PVT LTD,FINAL,18392.70
P001466,2025-08-16,ACCOUNTS,FRESH-FOOD,FINAL,3825.00
P001467,2025-08-16,ACCOUNTS,SIBI-STORE,FINAL,57240.00
P001468,2025-08-16,ACCOUNTS,313 STAR TRADE LINK,FINAL,11124.00
P001469,2025-08-16,ACCOUNTS,GREEN-LAND-VEGETABLES,FINAL,630.00
P001470,2025-08-16,ACCOUNTS,SALIM FRUITS 9895683835,FINAL,773.00
P001471,2025-08-16,ACCOUNTS,SALIM FRUITS 9895683835,FINAL,1284.00
P001472,2025-08-16,ACCOUNTS,MURALYA-DAIRY,FINAL,671.33
P001473,2025-08-16,ACCOUNTS,SALIM FRUITS 9895683835,FINAL,760.00
P001474,2025-08-16,ACCOUNTS,SALIM FRUITS 9895683835,FINAL,350.00
P001475,2025-08-16,ACCOUNTS,MURALYA-DAIRY,FINAL,315.00
P001476,2025-08-16,ACCOUNTS,SALIM FRUITS 9895683835,FINAL,1474.00
P000174,2025-08-16,CGN,VARIETY FASHION 9995304220,FINAL,12089.28
P000175,2025-08-16,CGN,VALIYAVEEDANS-AGENCIES,FINAL,16495.53
P000176,2025-08-16,CGN,PUNARTHAM AGENIES 9995692927,FINAL,20579.69
P001477,2025-08-18,ACCOUNTS,SALIM FRUITS 9895683835,FINAL,258.00
P001478,2025-08-18,ACCOUNTS,MURALYA-DAIRY,FINAL,488.00
P001479,2025-08-18,ACCOUNTS,SALIM FRUITS 9895683835,FINAL,506.00
P001480,2025-08-18,ACCOUNTS,SALIM FRUITS 9895683835,FINAL,1047.00
P001481,2025-08-18,ACCOUNTS,MURALYA-DAIRY,FINAL,152.00
P001482,2025-08-18,ACCOUNTS,SALIM FRUITS 9895683835,FINAL,385.00
P001483,2025-08-18,ACCOUNTS,MURALYA-DAIRY,FINAL,670.00
P001484,2025-08-18,ACCOUNTS,SALIM FRUITS 9895683835,FINAL,1175.00
P001485,2025-08-18,ACCOUNTS,SALIM FRUITS 9895683835,FINAL,607.00
P001486,2025-08-18,ACCOUNTS,SALIM FRUITS 9895683835,FINAL,1465.00
P001487,2025-08-18,ACCOUNTS,SALIM FRUITS 9895683835,FINAL,215.00
P001488,2025-08-18,ACCOUNTS,MURALYA-DAIRY,FINAL,487.00
P001489,2025-08-18,ACCOUNTS,SALIM FRUITS 9895683835,FINAL,265.00
P001490,2025-08-18,ACCOUNTS,SALIM FRUITS 9895683835,FINAL,1233.00
P001491,2025-08-18,ACCOUNTS,SALIM FRUITS 9895683835,FINAL,1291.00
P001492,2025-08-18,ACCOUNTS,MURALYA-DAIRY,FINAL,1005.00
P001493,2025-08-18,ACCOUNTS,SALIM FRUITS 9895683835,FINAL,324.00
P001494,2025-08-18,ACCOUNTS,SALIM FRUITS 9895683835,FINAL,1111.00
P001495,2025-08-18,ACCOUNTS,SALIM FRUITS 9895683835,FINAL,755.00
P001496,2025-08-18,ACCOUNTS,SALIM FRUITS 9895683835,FINAL,678.00
P001499,2025-08-18,ACCOUNTS,SALIM FRUITS 9895683835,FINAL,1805.00
P001500,2025-08-18,ACCOUNTS,JOHNY-BEEF-MERCHANT,FINAL,2880.00
P001501,2025-08-18,ACCOUNTS,MURALYA-DAIRY,FINAL,2191.00
P001502,2025-08-18,ACCOUNTS,M.H TRADERS 9895683835,FINAL,14525.00
P001503,2025-08-18,ACCOUNTS,S S HALAL CHICKEN CENTRE 9495568969,FINAL,32000.00
P001504,2025-08-18,ACCOUNTS,ELANAD MILK PRIVATE LIMITES 7593883322S,FINAL,8834.00
P001505,2025-08-19,ACCOUNTS,VINOD--CO,FINAL,6405.00
P001506,2025-08-19,ACCOUNTS,VINOD--CO,FINAL,17400.00
P001507,2025-08-19,ACCOUNTS,VINOD--CO,FINAL,25250.00
P001508,2025-08-19,ACCOUNTS,USHAS-ENTERPRISES,FINAL,42720.80
P001509,2025-08-19,ACCOUNTS,M.H TRADERS 9895683835,FINAL,12177.01
P001510,2025-08-19,ACCOUNTS,GREEN-LAND-VEGETABLES,FINAL,8937.01
P001511,2025-08-19,ACCOUNTS,K.ABDUL-MAJEED---KULAKADA,FINAL,343.00
P001512,2025-08-19,ACCOUNTS,A.ABDUL-SALAM,FINAL,2501.01
P001513,2025-08-19,ACCOUNTS,K.ABDUL-MAJEED---KULAKADA,FINAL,2960.00
P001514,2025-08-19,ACCOUNTS,KRISHNA COCONUT DEALER 9447989851,FINAL,10500.00
P001515,2025-08-19,ACCOUNTS,S S HALAL CHICKEN CENTRE 9495568969,FINAL,31000.00
P001516,2025-08-19,ACCOUNTS,SALIM FRUITS 9895683835,FINAL,231.00
P001517,2025-08-19,ACCOUNTS,SALIM FRUITS 9895683835,FINAL,1305.00
P001518,2025-08-19,ACCOUNTS,MURALYA-DAIRY,FINAL,1005.00
P001519,2025-08-19,ACCOUNTS,SALIM FRUITS 9895683835,FINAL,272.00
P001520,2025-08-19,ACCOUNTS,SALIM FRUITS 9895683835,FINAL,925.00
P001521,2025-08-19,ACCOUNTS,SALIM FRUITS 9895683835,FINAL,418.00
P001522,2025-08-19,ACCOUNTS,MURALYA-DAIRY,FINAL,1135.33
P001523,2025-08-19,ACCOUNTS,MURALYA-DAIRY,FINAL,508.00
P001524,2025-08-19,ACCOUNTS,SALIM FRUITS 9895683835,FINAL,1468.00
P001525,2025-08-19,ACCOUNTS,K.ABDUL-MAJEED---KULAKADA,FINAL,16337.00
P001526,2025-08-19,ACCOUNTS,GREEN-LAND-VEGETABLES,FINAL,6425.99
P001527,2025-08-19,ACCOUNTS,M.H TRADERS 9895683835,FINAL,13775.01
P001528,2025-08-19,ACCOUNTS,A.ABDUL-SALAM,FINAL,1800.00
P001529,2025-08-20,ACCOUNTS,SHREE-MAHAVEER-TRADERS,FINAL,11925.00
P001530,2025-08-20,ACCOUNTS,VALAVI-AGENCIES,FINAL,13550.70
P001531,2025-08-20,ACCOUNTS,P.K.V.-TRADERS,FINAL,21540.00
P001532,2025-08-20,ACCOUNTS,E-P-JOSEPH--COMPANY,FINAL,74930.00
P001533,2025-08-20,ACCOUNTS,CALCUTTA TRADING CO 9447068888,FINAL,12720.00
P001534,2025-08-20,ACCOUNTS,PRINTSHOP 04842398151,FINAL,2478.00
P001535,2025-08-20,ACCOUNTS,FORTUNE-COMMERCIAL-CO,FINAL,155000.50
P001536,2025-08-20,ACCOUNTS,NKP-TRADES-IMPEX,FINAL,127871.00
P001537,2025-08-20,ACCOUNTS,NANDHUS-BHARAT-GAS,FINAL,63180.00
P001538,2025-08-20,ACCOUNTS,313 STAR TRADE LINK,FINAL,11043.00
P001539,2025-08-20,ACCOUNTS,VALIYAVEEDANS-AGENCIES,FINAL,28867.34
P001540,2025-08-20,ACCOUNTS,SIBI-STORE,FINAL,82031.39
P001541,2025-08-20,ACCOUNTS,HOTELIERS-CHOICE,FINAL,10999.97
P001542,2025-08-20,ACCOUNTS,HOTELIERS-CHOICE,FINAL,16193.00
P001543,2025-08-20,ACCOUNTS,HOTELIERS-CHOICE,FINAL,8353.72
P001544,2025-08-20,ACCOUNTS,M.H.-EGG-MERCHANT,FINAL,10580.00
P001545,2025-08-20,ACCOUNTS,K.ABDUL-MAJEED---KULAKADA,FINAL,20080.00
P001546,2025-08-20,ACCOUNTS,GREEN-LAND-VEGETABLES,FINAL,20442.90
P001547,2025-08-20,ACCOUNTS,A.ABDUL-SALAM,FINAL,1911.00
P000177,2025-08-20,CGN,COMMERCIAL-COMBINES,FINAL,85557.75
P000178,2025-08-20,CGN,V VENTURES 9074682810,FINAL,30597.00
P000179,2025-08-20,CGN,V VENTURES 9074682810,FINAL,30984.00
P001548,2025-08-20,ACCOUNTS,SUPER-TRADERS,FINAL,155141.14
P000180,2025-08-20,CGN,REEMS SODA PRODUCTS 9947520504,FINAL,4440.00
P001549,2025-08-20,ACCOUNTS,SALIM FRUITS 9895683835,FINAL,786.00
P001550,2025-08-20,ACCOUNTS,GREEN-LAND-VEGETABLES,FINAL,670.00
P001551,2025-08-20,ACCOUNTS,SALIM FRUITS 9895683835,FINAL,480.00
P001552,2025-08-20,ACCOUNTS,SALIM FRUITS 9895683835,FINAL,1158.00
P001553,2025-08-20,ACCOUNTS,SALIM FRUITS 9895683835,FINAL,584.00
P001554,2025-08-20,ACCOUNTS,SALIM FRUITS 9895683835,FINAL,1054.00
P001555,2025-08-20,ACCOUNTS,SALIM FRUITS 9895683835,FINAL,422.00
P001556,2025-08-20,ACCOUNTS,MURALYA-DAIRY,FINAL,375.00
P001557,2025-08-20,ACCOUNTS,SALIM FRUITS 9895683835,FINAL,1332.00
P001558,2025-08-20,ACCOUNTS,SALIM FRUITS 9895683835,FINAL,1080.00
P001559,2025-08-20,ACCOUNTS,MURALYA-DAIRY,FINAL,2372.00
P000181,2025-08-20,CGN,SNEHA-ENTERPRISES,FINAL,15112.71
P001560,2025-08-21,ACCOUNTS,STALLION-SYSTEMS--SOLUTIONS-PVT.-LTD.,FINAL,25145.00
P001561,2025-08-21,ACCOUNTS,PAPERLOOM INDUSTRIES 9746914235,FINAL,5746.01
P001562,2025-08-21,ACCOUNTS,LAKSHMI INDUSTRIES 8281356352,FINAL,26432.00
P001563,2025-08-21,ACCOUNTS,STALLION-SYSTEMS--SOLUTIONS-PVT.-LTD.,FINAL,9664.00
P001564,2025-08-21,ACCOUNTS,313 STAR TRADE LINK,FINAL,13197.60
P001565,2025-08-21,ACCOUNTS,MAMVILAYIL-MEDINEEDS,FINAL,3465.00
P001566,2025-08-21,ACCOUNTS,K.ABDUL-MAJEED---KULAKADA,FINAL,4312.00
P001567,2025-08-21,ACCOUNTS,M.H TRADERS 9895683835,FINAL,13827.01
P001568,2025-08-21,ACCOUNTS,GREEN-LAND-VEGETABLES,FINAL,14967.00
P001569,2025-08-21,ACCOUNTS,A.ABDUL-SALAM,FINAL,3099.01
P001570,2025-08-21,ACCOUNTS,S S HALAL CHICKEN CENTRE 9495568969,FINAL,29008.00
P001571,2025-08-21,ACCOUNTS,SAGAR AGENCIES 9446377469,FINAL,16756.47
P001572,2025-08-21,ACCOUNTS,SAGAR AGENCIES 9446377469,FINAL,14081.05
P000182,2025-08-21,CGN,SNEHA-ENTERPRISES,FINAL,19030.02
P000183,2025-08-21,CGN,ZAM-ZAM-TRADE-LINK,FINAL,41732.79
P000184,2025-08-21,CGN,A.S.K-ENTERPRISES,FINAL,11288.56
P000185,2025-08-21,CGN,USHAS-ENTERPRISES,FINAL,31838.72
P001573,2025-08-22,ACCOUNTS,K.ABDUL-MAJEED---KULAKADA,FINAL,12986.00
P001574,2025-08-22,ACCOUNTS,K.ABDUL-MAJEED---KULAKADA,FINAL,280.00
P001575,2025-08-22,ACCOUNTS,M.H TRADERS 9895683835,FINAL,14198.01
P001576,2025-08-22,ACCOUNTS,GREEN-LAND-VEGETABLES,FINAL,5469.00
P001577,2025-08-22,ACCOUNTS,KRISHNA COCONUT DEALER 9447989851,FINAL,10500.00
P001578,2025-08-22,ACCOUNTS,ELANAD MILK PRIVATE LIMITES 7593883322S,FINAL,7118.50
P001579,2025-08-22,ACCOUNTS,QUICK FOODS 9746597358,FINAL,3722.88
P001580,2025-08-22,ACCOUNTS,USHAS-ENTERPRISES,FINAL,39114.85
P001581,2025-08-22,ACCOUNTS,ENRICH ASSOCIATE 9895683835,FINAL,11550.00
P001582,2025-08-22,ACCOUNTS,SUPER-TRADERS,FINAL,5850.00
P001583,2025-08-22,ACCOUNTS,SALIM FRUITS 9895683835,FINAL,724.00
P001584,2025-08-22,ACCOUNTS,MURALYA-DAIRY,FINAL,486.80
P001585,2025-08-22,ACCOUNTS,SALIM FRUITS 9895683835,FINAL,820.00
P001586,2025-08-22,ACCOUNTS,SALIM FRUITS 9895683835,FINAL,1309.00
P001587,2025-08-22,ACCOUNTS,MURALYA-DAIRY,FINAL,821.70
P001588,2025-08-22,ACCOUNTS,SALIM FRUITS 9895683835,FINAL,795.00
P001589,2025-08-22,ACCOUNTS,MURALYA-DAIRY,FINAL,254.00
P001590,2025-08-22,ACCOUNTS,MURALYA-DAIRY,FINAL,315.00
P001591,2025-08-22,ACCOUNTS,SALIM FRUITS 9895683835,FINAL,1750.00
P001592,2025-08-22,ACCOUNTS,SALIM FRUITS 9895683835,FINAL,266.00
P001593,2025-08-22,ACCOUNTS,SALIM FRUITS 9895683835,FINAL,1118.00
P001594,2025-08-22,ACCOUNTS,SALIM FRUITS 9895683835,FINAL,666.00
P001595,2025-08-22,ACCOUNTS,SALIM FRUITS 9895683835,FINAL,595.00
P001596,2025-08-22,ACCOUNTS,SALIM FRUITS 9895683835,FINAL,1010.00
P000186,2025-08-22,CGN,KARTHIKA-AGENCIES,FINAL,2770.97
P001597,2025-08-22,ACCOUNTS,MURALYA-DAIRY,FINAL,254.00
P000187,2025-08-22,CGN,VOLUME-SALES,FINAL,41398.14
P001598,2025-08-22,ACCOUNTS,SALIM FRUITS 9895683835,FINAL,734.00
P000188,2025-08-22,CGN,MIKKU--DISTRIBUTIONS,FINAL,18161.48
P001600,2025-08-22,ACCOUNTS,SALIM FRUITS 9895683835,FINAL,1705.00
P000189,2025-08-22,CGN,VARIETY FASHION 9995304220,FINAL,2180.00
P000190,2025-08-22,CGN,KREEM FOODS (P) LTD,FINAL,4078.85
P001601,2025-08-23,ACCOUNTS,NANDHUS-BHARAT-GAS,FINAL,55080.00
P001602,2025-08-23,ACCOUNTS,K R ASSOCIATES  9895683835,FINAL,32961.60
P001603,2025-08-23,ACCOUNTS,313 STAR TRADE LINK,FINAL,11111.40
P001604,2025-08-23,ACCOUNTS,K R ASSOCIATES  9895683835,FINAL,19396.90
P001605,2025-08-23,ACCOUNTS,FRESH-FOOD,FINAL,3825.00
P001606,2025-08-23,ACCOUNTS,NALLA-FOODS,FINAL,47824.00
P001607,2025-08-23,ACCOUNTS,HOTELIERS-CHOICE,FINAL,9365.88
P001608,2025-08-23,ACCOUNTS,HOTELIERS-CHOICE,FINAL,16193.00
P001609,2025-08-23,ACCOUNTS,A.ABDUL-SALAM,FINAL,1890.00
P001610,2025-08-23,ACCOUNTS,M.H TRADERS 9895683835,FINAL,10952.00
P001611,2025-08-23,ACCOUNTS,K.ABDUL-MAJEED---KULAKADA,FINAL,13422.00
P001612,2025-08-23,ACCOUNTS,GREEN-LAND-VEGETABLES,FINAL,5124.99
P001613,2025-08-23,ACCOUNTS,S S HALAL CHICKEN CENTRE 9495568969,FINAL,28000.00
P001614,2025-08-23,ACCOUNTS,ELANAD MILK PRIVATE LIMITES 7593883322S,FINAL,6885.00
P001615,2025-08-23,ACCOUNTS,ELANAD MILK PRIVATE LIMITES 7593883322S,FINAL,9198.00
P001616,2025-08-23,ACCOUNTS,ELANAD MILK PRIVATE LIMITES 7593883322S,FINAL,8767.50
P001617,2025-08-23,ACCOUNTS,SALIM FRUITS 9895683835,FINAL,406.00
P001618,2025-08-23,ACCOUNTS,SALIM FRUITS 9895683835,FINAL,460.00
P001619,2025-08-23,ACCOUNTS,GREEN-LAND-VEGETABLES,FINAL,610.00
P001620,2025-08-23,ACCOUNTS,SALIM FRUITS 9895683835,FINAL,511.00
P001621,2025-08-23,ACCOUNTS,SALIM FRUITS 9895683835,FINAL,733.00
P001622,2025-08-23,ACCOUNTS,SALIM FRUITS 9895683835,FINAL,1323.00
P001623,2025-08-23,ACCOUNTS,MURALYA-DAIRY,FINAL,975.00
P001624,2025-08-23,ACCOUNTS,SALIM FRUITS 9895683835,FINAL,977.00
P001625,2025-08-23,ACCOUNTS,SALIM FRUITS 9895683835,FINAL,320.00
P001626,2025-08-23,ACCOUNTS,MURALYA-DAIRY,FINAL,254.00
P001627,2025-08-23,ACCOUNTS,SALIM FRUITS 9895683835,FINAL,837.00
P001628,2025-08-23,ACCOUNTS,MURALYA-DAIRY,FINAL,315.00
P001629,2025-08-23,ACCOUNTS,SALIM FRUITS 9895683835,FINAL,274.00
P001630,2025-08-23,ACCOUNTS,SALIM FRUITS 9895683835,FINAL,2095.00
P001631,2025-08-23,ACCOUNTS,JOHNY-BEEF-MERCHANT,FINAL,2880.00
P001632,2025-08-23,ACCOUNTS,MURALYA-DAIRY,FINAL,2124.00
P000191,2025-08-23,CGN,A.K.M ENTERPRISES 9249773639,FINAL,16364.50
P000192,2025-08-23,CGN,SREE-SIVA-AGENCIES,FINAL,24139.08
P000193,2025-08-23,CGN,SACHINA-AGENCIES,FINAL,19856.15
P001633,2025-08-23,ACCOUNTS,COCHIN-BAKERS-AND-SPICES,FINAL,3900.00
P001634,2025-08-23,ACCOUNTS,COCHIN-BAKERS-AND-SPICES,FINAL,6259.99
P001635,2025-08-23,ACCOUNTS,BSP-PAPER-PRODUCTS,FINAL,8449.00
P001636,2025-08-23,ACCOUNTS,HOTELIERS-CHOICE,FINAL,15799.96
P001637,2025-08-23,ACCOUNTS,HOTELIERS-CHOICE,FINAL,6173.76
P001638,2025-08-23,ACCOUNTS,HOTELIERS-CHOICE,FINAL,16193.00
P001639,2025-08-25,ACCOUNTS,VALIYAVEEDANS-AGENCIES,FINAL,35304.88
P001640,2025-08-25,ACCOUNTS,URBAN-STANISLAUS-AND-COMPANY,FINAL,242077.60
P001641,2025-08-25,ACCOUNTS,Q BAGS PVT LTD,FINAL,35742.00
P001642,2025-08-25,ACCOUNTS,ZAM-ZAM-TRADE-LINK,FINAL,23525.62
P001644,2025-08-25,ACCOUNTS,SURABHI OIL INDUSTRIES 8926555566,FINAL,19200.00
P001645,2025-08-25,ACCOUNTS,TISSCORP,FINAL,24957.00
P001646,2025-08-25,ACCOUNTS,313 STAR TRADE LINK,FINAL,16702.20
P001647,2025-08-25,ACCOUNTS,SIBI-STORE,FINAL,116177.12
P001648,2025-08-25,ACCOUNTS,COCHIN-BAKERS-AND-SPICES,FINAL,46075.21
P001649,2025-08-25,ACCOUNTS,313 STAR TRADE LINK,FINAL,11052.00
P001650,2025-08-25,ACCOUNTS,M.H TRADERS 9895683835,FINAL,19744.50
P001651,2025-08-25,ACCOUNTS,GREEN-LAND-VEGETABLES,FINAL,7669.99
P001652,2025-08-25,ACCOUNTS,A.ABDUL-SALAM,FINAL,2094.00
P001653,2025-08-25,ACCOUNTS,S S HALAL CHICKEN CENTRE 9495568969,FINAL,33012.00
P001654,2025-08-25,ACCOUNTS,SALIM FRUITS 9895683835,FINAL,599.00
P001655,2025-08-25,ACCOUNTS,MURALYA-DAIRY,FINAL,487.80
P001656,2025-08-25,ACCOUNTS,SALIM FRUITS 9895683835,FINAL,287.00
P001657,2025-08-25,ACCOUNTS,SALIM FRUITS 9895683835,FINAL,1398.00
P001658,2025-08-25,ACCOUNTS,SALIM FRUITS 9895683835,FINAL,1457.00
P001659,2025-08-25,ACCOUNTS,MURALYA-DAIRY,FINAL,823.00
P001660,2025-08-25,ACCOUNTS,SALIM FRUITS 9895683835,FINAL,958.00
P001661,2025-08-25,ACCOUNTS,SALIM FRUITS 9895683835,FINAL,1888.00
P001662,2025-08-25,ACCOUNTS,SALIM FRUITS 9895683835,FINAL,1292.00
P001663,2025-08-25,ACCOUNTS,SALIM FRUITS 9895683835,FINAL,473.00
P001664,2025-08-25,ACCOUNTS,SALIM FRUITS 9895683835,FINAL,378.00
P001665,2025-08-25,ACCOUNTS,SALIM FRUITS 9895683835,FINAL,1516.00
P001666,2025-08-25,ACCOUNTS,GREEN-LAND-VEGETABLES,FINAL,535.00
P001667,2025-08-25,ACCOUNTS,SALIM FRUITS 9895683835,FINAL,1238.00
P001668,2025-08-25,ACCOUNTS,SALIM FRUITS 9895683835,FINAL,1698.00
P001669,2025-08-25,ACCOUNTS,MURALYA-DAIRY,FINAL,1342.00
P001670,2025-08-25,ACCOUNTS,SALIM FRUITS 9895683835,FINAL,750.00
P001671,2025-08-25,ACCOUNTS,SALIM FRUITS 9895683835,FINAL,463.00
P001672,2025-08-25,ACCOUNTS,MURALYA-DAIRY,FINAL,254.00
P001673,2025-08-25,ACCOUNTS,SALIM FRUITS 9895683835,FINAL,254.00
P001674,2025-08-25,ACCOUNTS,SALIM FRUITS 9895683835,FINAL,2316.00
P001675,2025-08-25,ACCOUNTS,JOHNY-BEEF-MERCHANT,FINAL,5462.00
P001677,2025-08-25,ACCOUNTS,MURALYA-DAIRY,FINAL,1814.92
P001678,2025-08-25,ACCOUNTS,GREEN-LAND-VEGETABLES,FINAL,8749.98
P001679,2025-08-25,ACCOUNTS,M.H TRADERS 9895683835,FINAL,13920.00
P001680,2025-08-25,ACCOUNTS,K.ABDUL-MAJEED---KULAKADA,FINAL,10105.00
P001681,2025-08-25,ACCOUNTS,K.ABDUL-MAJEED---KULAKADA,FINAL,340.00
P001682,2025-08-25,ACCOUNTS,GREEN-LAND-VEGETABLES,FINAL,8347.98
P001683,2025-08-25,ACCOUNTS,A.ABDUL-SALAM,FINAL,2188.01
P001684,2025-08-25,ACCOUNTS,ELANAD MILK PRIVATE LIMITES 7593883322S,FINAL,8950.50
P001685,2025-08-25,ACCOUNTS,ABRAHAM AND SONS 8281344674,FINAL,9000.00
P001686,2025-08-25,ACCOUNTS,ABRAHAM AND SONS 8281344674,FINAL,11250.00
P001688,2025-08-25,ACCOUNTS,PRINTSHOP 04842398151,FINAL,1298.00
P001689,2025-08-25,ACCOUNTS,PRINTSHOP 04842398151,FINAL,5919.00
P001690,2025-08-25,ACCOUNTS,VALIYAVEEDANS-AGENCIES,FINAL,32154.60
P001691,2025-08-25,ACCOUNTS,SKM EGG PRODUCTS EXPORT(INDIA) LIMITED 4242351532,FINAL,19057.50
P000194,2025-08-25,CGN,ZAM-ZAM-TRADE-LINK,FINAL,4404.00
P001692,2025-08-25,ACCOUNTS,SNEHA-ENTERPRISES,FINAL,6592.99
P001693,2025-08-25,ACCOUNTS,ZAM-ZAM-TRADE-LINK,FINAL,19207.62
P001694,2025-08-25,ACCOUNTS,MAMVILAYIL-MEDINEEDS,FINAL,6906.90
P001695,2025-08-25,ACCOUNTS,313 STAR TRADE LINK,FINAL,13390.20
P001696,2025-08-25,ACCOUNTS,313 STAR TRADE LINK,FINAL,13410.00
P001697,2025-08-25,ACCOUNTS,313 STAR TRADE LINK,FINAL,13397.40
P001698,2025-08-25,ACCOUNTS,313 STAR TRADE LINK,FINAL,11120.40
P001699,2025-08-26,ACCOUNTS,SUNRISE HAIWA 9946315232,FINAL,53325.00
P001700,2025-08-26,ACCOUNTS,313 STAR TRADE LINK,FINAL,11010.60
P001701,2025-08-26,ACCOUNTS,MAMVILAYIL-MEDINEEDS,FINAL,10304.00
P001702,2025-08-26,ACCOUNTS,M.H TRADERS 9895683835,FINAL,17835.00
P001703,2025-08-26,ACCOUNTS,GREEN-LAND-VEGETABLES,FINAL,12608.00
P001704,2025-08-26,ACCOUNTS,A.ABDUL-SALAM,FINAL,2044.00
P001705,2025-08-26,ACCOUNTS,A.ABDUL-SALAM,FINAL,3847.00
P001706,2025-08-26,ACCOUNTS,KRISHNA COCONUT DEALER 9447989851,FINAL,6700.00
P000195,2025-08-26,CGN,VALIYAVEEDANS-AGENCIES,FINAL,28872.24
P000196,2025-08-26,CGN,VALIYAVEEDANS-AGENCIES,FINAL,34612.58
P000197,2025-08-26,CGN,KREEM FOODS (P) LTD,FINAL,25112.16
P000198,2025-08-26,CGN,RAMD-ENTERPRISES,FINAL,10722.77
P000199,2025-08-27,CGN,RAHIM-ENTERPRISES,FINAL,22698.16
P000200,2025-08-27,CGN,RAHIM-ENTERPRISES,FINAL,19127.25
P001707,2025-08-27,ACCOUNTS,M.H TRADERS 9895683835,FINAL,4029.30
P001708,2025-08-27,ACCOUNTS,K.ABDUL-MAJEED---KULAKADA,FINAL,688.00
P001709,2025-08-27,ACCOUNTS,GREEN-LAND-VEGETABLES,FINAL,9006.99
P001710,2025-08-27,ACCOUNTS,A.ABDUL-SALAM,FINAL,1884.00
P001711,2025-08-27,ACCOUNTS,S S HALAL CHICKEN CENTRE 9495568969,FINAL,34006.00
P001712,2025-08-27,ACCOUNTS,SAGAR AGENCIES 9446377469,FINAL,12372.55
P001713,2025-08-27,ACCOUNTS,ELANAD MILK PRIVATE LIMITES 7593883322S,FINAL,9203.00
P001714,2025-08-27,ACCOUNTS,ELANAD MILK PRIVATE LIMITES 7593883322S,FINAL,7590.01
P001715,2025-08-27,ACCOUNTS,ELANAD MILK PRIVATE LIMITES 7593883322S,FINAL,9201.00
P001716,2025-08-27,ACCOUNTS,ELANAD MILK PRIVATE LIMITES 7593883322S,FINAL,7560.00
P001718,2025-08-27,ACCOUNTS,NANDHUS-BHARAT-GAS,FINAL,56700.00
P001719,2025-08-27,ACCOUNTS,SURABHI OIL INDUSTRIES 8926555566,FINAL,41000.00
P001720,2025-08-27,ACCOUNTS,HOTELIERS-CHOICE,FINAL,22799.96
P001721,2025-08-27,ACCOUNTS,HOTELIERS-CHOICE,FINAL,4438.55
P001722,2025-08-27,ACCOUNTS,HOTELIERS-CHOICE,FINAL,18892.00
P001723,2025-08-27,ACCOUNTS,VALIYAVEEDANS-AGENCIES,FINAL,35122.82
P001724,2025-08-27,ACCOUNTS,313 STAR TRADE LINK,FINAL,11113.20
P001725,2025-08-27,ACCOUNTS,SUPER-TRADERS,FINAL,24503.02
P001726,2025-08-27,ACCOUNTS,SALIM FRUITS 9895683835,FINAL,611.00
P001727,2025-08-27,ACCOUNTS,MURALYA-DAIRY,FINAL,488.05
P001728,2025-08-27,ACCOUNTS,SALIM FRUITS 9895683835,FINAL,877.00
P001729,2025-08-27,ACCOUNTS,SALIM FRUITS 9895683835,FINAL,1094.00
P001730,2025-08-27,ACCOUNTS,SALIM FRUITS 9895683835,FINAL,1141.00
P001732,2025-08-27,ACCOUNTS,MURALYA-DAIRY,FINAL,457.00
P001733,2025-08-27,ACCOUNTS,SALIM FRUITS 9895683835,FINAL,434.00
P001735,2025-08-27,ACCOUNTS,SALIM FRUITS 9895683835,FINAL,906.00
P001736,2025-08-27,ACCOUNTS,SALIM FRUITS 9895683835,FINAL,529.00
P001737,2025-08-27,ACCOUNTS,SALIM FRUITS 9895683835,FINAL,175.17
P001738,2025-08-27,ACCOUNTS,MURALYA-DAIRY,FINAL,254.00
P001739,2025-08-27,ACCOUNTS,SALIM FRUITS 9895683835,FINAL,308.00
P001740,2025-08-27,ACCOUNTS,SALIM FRUITS 9895683835,FINAL,1873.00
P001741,2025-08-27,ACCOUNTS,JOHNY-BEEF-MERCHANT,FINAL,1800.00
P001742,2025-08-27,ACCOUNTS,MURALYA-DAIRY,FINAL,2073.75
P001743,2025-08-27,ACCOUNTS,SALIM FRUITS 9895683835,FINAL,255.00
P001744,2025-08-27,ACCOUNTS,GREEN-LAND-VEGETABLES,FINAL,650.00
P001745,2025-08-27,ACCOUNTS,SALIM FRUITS 9895683835,FINAL,1865.00
P000201,2025-08-27,CGN,SNEHA-ENTERPRISES,FINAL,23651.78
P001746,2025-08-27,ACCOUNTS,SALIM FRUITS 9895683835,FINAL,1776.00
P001747,2025-08-27,ACCOUNTS,MURALYA-DAIRY,FINAL,620.00
P001748,2025-08-27,ACCOUNTS,SALIM FRUITS 9895683835,FINAL,1002.00
P001749,2025-08-27,ACCOUNTS,SALIM FRUITS 9895683835,FINAL,376.00
P001750,2025-08-27,ACCOUNTS,SALIM FRUITS 9895683835,FINAL,390.00
P001751,2025-08-27,ACCOUNTS,SALIM FRUITS 9895683835,FINAL,2614.99
P001752,2025-08-27,ACCOUNTS,JOHNY-BEEF-MERCHANT,FINAL,5868.00
P001753,2025-08-27,ACCOUNTS,MURALYA-DAIRY,FINAL,2378.00
P000202,2025-08-27,CGN,CHITRA-AGENCIES,FINAL,17627.96
P000203,2025-08-27,CGN,CHITRA-AGENCIES,FINAL,4375.53
P001754,2025-08-28,ACCOUNTS,VALAVI-AGENCIES,FINAL,15829.80
P001755,2025-08-28,ACCOUNTS,NKP-TRADES-IMPEX,FINAL,83710.53
P001757,2025-08-28,ACCOUNTS,FORTUNE-COMMERCIAL-CO,FINAL,156200.50
P001758,2025-08-28,ACCOUNTS,JIYA-PACKAGINGS,FINAL,8293.01
P001759,2025-08-28,ACCOUNTS,KUTTIYILS-TRADES--AGENCIES,FINAL,8820.00
P001760,2025-08-28,ACCOUNTS,P.M.TRADING-COMPANY,FINAL,20000.00
P001761,2025-08-28,ACCOUNTS,E-P-JOSEPH--COMPANY,FINAL,116619.99
P001762,2025-08-28,ACCOUNTS,CALCUTTA TRADING CO 9447068888,FINAL,6360.00
P001763,2025-08-28,ACCOUNTS,P.K.V.-TRADERS,FINAL,10660.00
P001764,2025-08-28,ACCOUNTS,BROTHERS-TRADING-COMPANY,FINAL,4065.10
P001765,2025-08-28,ACCOUNTS,NATIONAL AGENCIES-  0484-4039115,FINAL,12796.00
P001766,2025-08-28,ACCOUNTS,M.H TRADERS 9895683835,FINAL,8370.00
P001767,2025-08-28,ACCOUNTS,K.ABDUL-MAJEED---KULAKADA,FINAL,6149.01
P001768,2025-08-28,ACCOUNTS,K.ABDUL-MAJEED---KULAKADA,FINAL,14980.00
P001769,2025-08-28,ACCOUNTS,GREEN-LAND-VEGETABLES,FINAL,5859.00
P001770,2025-08-28,ACCOUNTS,GREEN-LAND-VEGETABLES,FINAL,3521.01
P001771,2025-08-28,ACCOUNTS,R S IMPORTS,FINAL,7427.02
P000204,2025-08-28,CGN,REEMS SODA PRODUCTS 9947520504,FINAL,5920.00
P001772,2025-08-28,ACCOUNTS,SALIM FRUITS 9895683835,FINAL,732.00
P001773,2025-08-28,ACCOUNTS,MURALYA-DAIRY,FINAL,487.80
P001774,2025-08-28,ACCOUNTS,SALIM FRUITS 9895683835,FINAL,1697.00
P001775,2025-08-28,ACCOUNTS,SALIM FRUITS 9895683835,FINAL,1428.00
P001776,2025-08-28,ACCOUNTS,MURALYA-DAIRY,FINAL,975.60
P001777,2025-08-28,ACCOUNTS,SALIM FRUITS 9895683835,FINAL,711.00
P001778,2025-08-28,ACCOUNTS,SALIM FRUITS 9895683835,FINAL,1236.00
P001779,2025-08-28,ACCOUNTS,SALIM FRUITS 9895683835,FINAL,1034.00
P000205,2025-08-28,CGN,VALIYAVEEDANS-AGENCIES,FINAL,25339.96
P000206,2025-08-28,CGN,VALIYAVEEDANS-AGENCIES,FINAL,5029.64
P001780,2025-08-28,ACCOUNTS,SALIM FRUITS 9895683835,FINAL,508.00
P001781,2025-08-28,ACCOUNTS,SALIM FRUITS 9895683835,FINAL,290.00
P001782,2025-08-28,ACCOUNTS,SALIM FRUITS 9895683835,FINAL,1976.00
P000207,2025-08-28,CGN,VALIYAVEEDANS-AGENCIES,FINAL,9020.58
P000208,2025-08-28,CGN,VALIYAVEEDANS-AGENCIES,FINAL,4643.60
P000209,2025-08-28,CGN,VALIYAVEEDANS-AGENCIES,FINAL,13557.56
P000210,2025-08-28,CGN,VALIYAVEEDANS-AGENCIES,FINAL,3316.61
P000211,2025-08-28,CGN,ZAM-ZAM-TRADE-LINK,FINAL,26453.27
P000212,2025-08-28,CGN,ZAM-ZAM-TRADE-LINK,FINAL,41279.26
P000213,2025-08-28,CGN,KREEM FOODS (P) LTD,FINAL,17182.44
P000214,2025-08-28,CGN,KREEM FOODS (P) LTD,FINAL,1665.01
P001783,2025-08-29,ACCOUNTS,313 STAR TRADE LINK,FINAL,11086.20
P001784,2025-08-29,ACCOUNTS,USHAS-ENTERPRISES,FINAL,42721.10
P001785,2025-08-29,ACCOUNTS,VELLATHARAYIL GREEN BIO COMPOSTABLES,FINAL,100320.00
P001786,2025-08-29,ACCOUNTS,CENTURY-POLYMERS,FINAL,11620.00
P001787,2025-08-29,ACCOUNTS,SIBI-STORE,FINAL,162610.03
P001788,2025-08-29,ACCOUNTS,M.H TRADERS 9895683835,FINAL,15757.50
P001789,2025-08-29,ACCOUNTS,GREEN-LAND-VEGETABLES,FINAL,12294.00
P001790,2025-08-29,ACCOUNTS,S S HALAL CHICKEN CENTRE 9495568969,FINAL,32004.00
P001791,2025-08-29,ACCOUNTS,ELANAD MILK PRIVATE LIMITES 7593883322S,FINAL,9007.50
P001792,2025-08-29,ACCOUNTS,ELANAD MILK PRIVATE LIMITES 7593883322S,FINAL,9973.00
P000215,2025-08-29,CGN,PUNARTHAM AGENIES 9995692927,FINAL,40250.22
P000216,2025-08-29,CGN,BARKATH TRADERS 8714790900,FINAL,2156.64
P001793,2025-08-29,ACCOUNTS,SALIM FRUITS 9895683835,FINAL,383.00
P001794,2025-08-29,ACCOUNTS,GREEN-LAND-VEGETABLES,FINAL,638.00
P001795,2025-08-29,ACCOUNTS,SALIM FRUITS 9895683835,FINAL,893.00
P001797,2025-08-29,ACCOUNTS,SALIM FRUITS 9895683835,FINAL,1458.00
P001798,2025-08-29,ACCOUNTS,MURALYA-DAIRY,FINAL,823.20
P001800,2025-08-29,ACCOUNTS,SALIM FRUITS 9895683835,FINAL,410.00
P001801,2025-08-29,ACCOUNTS,SALIM FRUITS 9895683835,FINAL,1188.00
P001802,2025-08-29,ACCOUNTS,SALIM FRUITS 9895683835,FINAL,968.00
P001803,2025-08-29,ACCOUNTS,SALIM FRUITS 9895683835,FINAL,254.00
P001804,2025-08-29,ACCOUNTS,SALIM FRUITS 9895683835,FINAL,860.00
P000217,2025-08-29,CGN,COMMERCIAL-COMBINES,FINAL,107219.61
P001805,2025-08-29,ACCOUNTS,ABRAHAM AND SONS 8281344674,FINAL,11250.00
